 등록번호,상호,업종,주소,메뉴,영업시간,주차정보,제안수,댓글수
1,원조닭한마리,한식,서울특별시 강남구 논현로10길 13,닭한마리,,,,
2,논현 손칼국수,한식,서울특별시 강남구 논현로111길 16,칼국수,,,,
3,대치동함흥면옥,한식,서울특별시 강남구 도곡로 424,"비빔냉면, 물냉면",,,,
4,문가네 고추장추어탕,한식,서울특별시 강남구 밤고개로 231,추어탕,,,,
5,가나돈까스의집,일식,서울특별시 강남구 언주로 608,돈까스,,,,
6,착한낙지,한식,서울특별시 강동구 동남로 592,"낙지전골, 낙지덮밥",,,,
7,등나무집,한식,서울특별시 강동구 가래여울길 20-3,매운탕,,,,
8,엄마손만두,한식,서울특별시 강동구 올림픽로 683,만두국,,,,
9,최냉면,한식,서울특별시 강동구 천호옛8길 34,산오징어물회냉면,,,,
10,별미손칼국수,한식,서울특별시 강동구 풍성로 160,칼국수,,,,
11,동구밖장작구이,한식,서울특별시 강동구 풍성로 309,오리구이,,,,
12,수향보쌈칼국수,한식,서울특별시 강동구 풍성로37가길 5,보쌈,,,,
13,메기한마당,한식,서울특별시 강북구 4.19로 36,메기매운탕,,,,
14,발산삼계탕,한식,서울특별시 강서구 강서로 344,삼계탕,,,,
15,오복순대국,한식,서울특별시 강서구 공항대로45길 5,순대국,,,,
16,화곡영양족발,한식,서울특별시 강서구 초록마을로2길 48,"족발, 보쌈",,,,
17,가막골흑염소,한식,서울특별시 강서구 화곡로56길 37-11,"흑염소, 보신탕, 전골",,,,
18,등촌 최월선칼국수,한식,서울특별시 강서구 화곡로64길 68,버섯매운탕 칼국수,,,,
19,시골집,한식,서울특별시 관악구 낙성대로 22-7,제육쌈밥,,,,
20,정담은보쌈,한식,서울특별시 관악구 남부순환로 1661,보쌈,,,,
21,갯바위,한식,서울특별시 관악구 남부순환로216길 13,매운탕,,,,
22,장수집,한식,서울특별시 관악구 봉천로 486,"삼계탕, 보신탕",,,,
23,김영자나주곰탕,한식,서울특별시 관악구 신림로28길 30,곰탕,,,,
24,전주식당,한식,서울특별시 관악구 신림로66길 20,백반,,,,
25,신림순대국,한식,서울특별시 관악구 조원로4길 8,순대국,,,,
26,해태식당,한식,서울특별시 관악구 청룡1길 33,연포탕,,,,
27,진한방삼계탕,한식,서울특별시 광진구 능동로 254,"한방삼계탕, 닭볶음탕",,,,
28,군자족보,한식,서울특별시 광진구 능동로37길 10-3,백반,,,,
29,우리맛금일푸른바다,한식,서울특별시 광진구 능동로37길 14,바다장어구이,,,,
30,엄탕,한식,서울특별시 광진구 아차산로51길 66,매운양푼갈비찜,,,,
31,광장동가온 ,한식,서울특별시 광진구 아차산로78길 75,"곰국시, 떡만두국",,,,
32,아울,일식,서울특별시 광진구 자양로18길 36,수제돈까스,,,,
33,민물공원,한식,서울특별시 구로구 개봉로15길 23,민물매운탕,,,,
34,이천성모메존칼국수,한식,서울특별시 구로구 경인로 18,칼국수,,,,
35,이실이네,한식,서울특별시 구로구 공원로6나길 29-21,매운탕,,,,
36,초가삼계탕,일식,서울특별시 금천구 시흥대로38길 43,들깨삼계탕,,,,
37,석천숯불갈비,한식,서울특별시 노원구 동일로 1001,이동갈비,,,,
38,닭한마리 공릉본점,한식,서울특별시 노원구 동일로 1020,닭한마리,,,,
39,매일복집,한식,서울특별시 노원구 동일로176길 42,복요리,,,,
40,최가네손두부,한식,서울특별시 노원구 동일로242길 21,두부요리,,,,
41,엄마손칼국수,한식,서울특별시 노원구 상계로39길 5,칼국수,,,,
42,하누소,한식,서울특별시 도봉구 노해로 327,"생갈비, 한정식",,,,
43,동적불고기,한식,서울특별시 도봉구 도봉로109길 30,양념소갈비살,,,,
44,햇빛칼국수,한식,서울특별시 도봉구 방학로 168,칼국수,,,,
45,하노이빈,퓨전,서울특별시 도봉구 방학로 252-41,쌀국수,,,,
46,풍년식당,한식,서울특별시 동대문구 답십리로50길 6,"한방약오리, 오리전골",,,,
47,감초식당,한식,서울특별시 동대문구 약령서길 28,돼지불갈비정식,,,,
48,산천가든,한식,서울특별시 동대문구 왕산로32길 96,한정식돌솥밥,,,,
49,용두동 복집,한식,서울특별시 동대문구 왕산로16길 9,복,,,,
50,어촌식당,한식,서울특별시 동작구 상도로 122,생선구이정식,,,,
51,서일순대국,한식,서울특별시 동작구 여의대방로22길 20,순대국,,,,
52,영광굴비정식,한식,서울특별시 마포구 대흥로 43,영광굴비구이,,,,
53,마포양지설렁탕,한식,서울특별시 마포구 새창로 6,설렁탕,,,,
54,을밀대평양냉면,한식,서울특별시 마포구 숭문길 24,평양냉면,,,,
55,감나무집기사식당 ,한식,서울특별시 마포구 연남로 25,돼지불백,,,,
56,성미골,한식,서울특별시 마포구 월드컵로 137,이베리코흑돼지 모듬A,,,,
57,만나식당,한식,서울특별시 마포구 월드컵로 142,이북식손왕만두,,,,
58,의정부부대찌개,한식,서울특별시 마포구 월드컵로10길 36,부대찌개,,,,
59,마포옥,한식,서울특별시 마포구 토정로 312,한우양지설렁탕,,,,
60,소담한정식,한식,서울특별시 서대문구 경기대로9길 6,한정식,,,,
61,모래내설렁탕,한식,서울특별시 서대문구 모래내로 271,설렁탕,,,,
62,연희동칼국수,한식,서울특별시 서대문구 연희맛로 37,칼국수 ,,,,
63,청송면옥,한식,서울특별시 서대문구 연희맛로 6,냉면,,,,
64,민스키친,한식,서울특별시 서대문구 연희맛로 7,꼬막비빕밥,,,,
65,홍은손칼국수전문점,한식,서울특별시 서대문구 홍은중앙로 27,칼국수,,,,
66,임병주산동칼국수,한식,서울특별시 서초구 강남대로37길 65,칼국수,,,,
67,진주청국장딜리버리,한식,서울특별시 서초구 효령로31길 14,청국장,,,,
68,메기대감,한식,서울특별시 서초구 남부순환로350길 30,"메기매운탕, 메기불고기",,,,
69,영동족발,한식,서울특별시 서초구 남부순환로2628-18,족발,,,,
70,대머리식당,한식,서울특별시 성북구 돌곶이로 162,오징어볶음,,,,
71,서울갈매기,한식,서울특별시 성북구 보문로 100,갈매기살,,,,
72,반월유황오리해물아구찜탕,한식,서울특별시 성북구 보문로30길 36,유황오리로스,,,,
73,손가네설렁탕,한식,서울특별시 성북구 성북로15길 8,설렁탕,,,,
74,명문막국수,한식,서울특별시 성북구 창경궁로 317,명태식혜막국수,,,,
75,함경도찹쌀순대,한식,서울특별시 송파구 송파대로28길 32,순대국,,,,
76,부부횟집,한식,서울특별시 송파구 오금로18길4,물회,,,,
77,천상애장어家,한식,서울특별시 송파구 중대로 174,소금구이,,,,
78,대가,한식,서울특별시 양천구 신정중앙로 66,소갈비,,,,
79,살구나무집칼국수,한식,서울특별시 양천구 중앙로32길 35,"칼국수, 수제비",,,,
80,영등포불닭,한식,서울특별시 영등포구 당산로32길 8-4,국물닭발,,,,
81,대관원,중식,서울특별시 영등포구 당산로37길 1,간짜장,,,,
82,영일분식,한식,서울특별시 영등포구 도림로141가길 34-1,"칼비빔국수, 만두",,,,
83,원조호수삼계탕,한식,서울특별시 영등포구 도림로 274-1,삼계탕,,,,
84,남평식당,한식,서울특별시 영등포구 버드나루로7길 7,곰탕,,,,
85,양평옥,한식,서울특별시 영등포구 선유로47길 8-2,꼬리곰탕,,,,
86,큰바다횟집,한식,서울특별시 영등포구 영등포로18길 6,모듬회,,,,
87,대한옥,한식,서울특별시 영등포구 영등포로51길 6,설렁탕,,,,
88,문배동육칼,한식,서울특별시 용산구 백범로90길 50,육칼육개장+칼국수,,,,
89,단박왕돈까스,일식,서울특별시 용산구 백범로90길 74,돈까스,,,,
90,바다식당,퓨전,서울특별시 용산구 이태원로 245,존슨탕,,,,
91,양평매운탕,한식,서울특별시 용산구 청파로 329,빠가사리매운탕,,,,
92,자원대구탕,한식,서울특별시 용산구 한강대로62가길 6,대구탕,,,,
93,칡산에황제보쌈,한식,서울특별시 은평구 은평로 189,곤드레정식,,,,
94,토박이부대찌개,한식,서울특별시 은평구 은평로21길 35,부대찌개,,,,
95,봉희설렁탕,한식,서울특별시 은평구 증산로 413,곰탕,,,,
96,역촌왕돈까스,일식,서울특별시 은평구 진흥로 121-1,돈까스,,,,
97,넷길이콩나물국밥,한식,서울특별시 은평구 진흥로 139,콩나물국밥,,,,
98,불광동황소곱창구이,한식,서울특별시 은평구 진흥로 141,곱창구이,,,,
99,두소설렁탕,한식,서울특별시 종로구 비봉길 26,설렁탕,,,,
100,대성집,한식,서울특별시 종로구 사직로 5,"도가니탕, 해장국",,,,
101,이문설농탕,한식,서울특별시 종로구 우정국로 38-13,설농탕,,,,
102,호박식당,한식,서울특별시 중구 다산로 154,"백반, 와규",,,,
103,동강나루터,한식,서울특별시 중구 삼일대로12길 13,민물매운탕,,,,
104,이남장,한식,서울특별시 중구 삼일대로12길 16,설렁탕,,,,
105,을지로호반집,한식,서울특별시 중구 을지로20길 10-13,닭곰탕,,,,
106,할매복집,한식,서울특별시 중랑구 공릉로 82,복요리,,,,
107,망우찜쌈밥,한식,서울특별시 중랑구 용마공원로2길 8,쌈밥,,,,
108,먹고을전주콩나물국밥,한식,서울특별시 중랑구 중랑역로 268,국밥,,,,
109,두메막국수,한식,경기도 가평군 가평읍 가화로 328,막국수,,,,
110,두물머리,한식,경기도 가평군 가평읍 달전로3,육개장,,,,
111,돼지주물럭기사식당,한식,경기도 가평군 가평읍 보납로 34,돼지주물럭,,,,
112,양태봉촌두부  ,한식,경기도 가평군 가평읍 태봉안길 54,"두부전골, 모두부",,,,
113,느티나무식당,한식,경기도 가평군 설악면 음방아랫말길1,손두부전골 ,,,,
114,상천리 봉녀수제비,한식,경기도 가평군 청평면 경춘로 1462,수제비,,,,
115,밤나무집,한식,경기도 가평군 청평면 청평중앙로26번길 7,"쌈밥정식, 애곤이탕 ",,,,
116,서삼릉보리밥,한식,경기도 고양시 덕양구 서삼릉길 124,산채보리밥,,,,
117,솔향기산채보리밥,한식,경기도 고양시 덕양구 수역이길 7,쭈꾸미볶음,,,,
118,주막보리밥,한식,경기도 고양시 덕양구 용두로47번길 133,보리밥,,,,
119,수원까비네손칼국수원당직영점,한식,경기도 고양시 덕양구 원당로33번길 26,칼국수,,,,
120,벵게식당,한식,경기도 고양시 덕양구 원당로33번길 42-9,미꾸라지털네기,,,,
121,종가집오리돌구이,한식,경기도 고양시 덕양구 유산길17번길 113,오리로스,,,,
122,일산칼국수,한식,경기도 고양시 일산동구 경의로 467,바지락칼국수,,,,
123,털랭이매운탕,한식,경기도 고양시 일산동구 동국로 116,매운탕,,,,
124,재이식당,퓨전,경기도 고양시 일산동구 일산로380번길 53,쌀국수,,,,
125,양수면옥,한식,경기도 고양시 일산동구 애니골길 34,소고기,,,,
126,미덕원,한식,경기도 고양시 일산동구 애니골길43번길 17-1,백숙,,,,
127,평양손만두,한식,경기도 고양시 일산서구 구산로54번길 241,찐만두,,,,
128,덕이동주막,한식,경기도 고양시 일산서구 하이파크3로 10,보리밥,,,,
129,가학골두루치기,한식,경기도 광명시 가학로95번길 1,김치두루치기,,,,
130,원조광명할머니빈대떡,한식,경기도 광명시 광이로13번길 21-5,빈대떡,,,,
131,남해바다장어민물참숯불구이,한식,경기도 광명시 밤일로 18,전복장어탕,,,,
132,생고기두루치기전문점,한식,경기도 광명시 영우로 16,두루치기,,,,
133,장지리막국수,한식,경기도 광주시 고불로 7,막국수,,,,
134,곤지곤지대구탕,한식,경기도 광주시 곤지암읍 경충대로 571,대구탕,,,,
135,낙선재,한식,경기도 광주시 남한산성면 불당길 101,토종닭볶음탕,,,,
136,왕대박참숯마루,한식,경기도 광주시 오포읍 새말길 147-3,돼지불고기정식,,,,
137,고향생각,한식,경기도 광주시 오포읍 새말길 15,"고등어, 갈치조림",,,,
138,들밥,한식,경기도 광주시 오포읍 양벌로 131-20,보리밥,,,,
139,다미정,한식,경기도 광주시 초월읍 설월길 29,냉면,,,,
140,명문옻닭,한식,경기도 광주시 퇴촌면 천진암로 423,옻닭뚝배기,,,,
141,강남정육점식당,한식,경기도 광주시 중앙로187번길 35,소고기,,,,
142,밀목손만두얼큰칼국수,한식,경기도 광주시 회안대로 949,만두전골,,,,
143,본추어탕,한식,경기도 구리시 갈매길 153-13,추어탕,,,,
144,옹기종기동태탕,한식,경기도 구리시 경춘로 242번길 31-13,"동태탕, 명태회무침 ",,,,
145,골목안채,한식,경기도 남양주시 다산중앙로82번안길 131-32,낙지볶음,,,,
146,군포식당,한식,경기도 군포시 군포로 556번길 6,설렁탕,,,,
147,소양간,한식,경기도 김포시 고촌읍 태리로 69,우거지해장국,,,,
148,명원,중식,경기도 김포시 봉화로 9,탕수육,,,,
149,강부자집,한식,경기도 김포시 운곡로 17-23,갈비탕,,,,
150,우리땅갈비,한식,경기도 김포시 운곡로 3,돼지갈비,,,,
151,하성곰탕집,한식,경기도 김포시 하성면 애기봉로 806번길 49,곰탕,,,,
152,우리집토종닭,한식,경기도 김포시 하성면 하성로 576,닭백숙,,,,
153,종가옥,한식,경기도 남양주시 강변북로 662,곰탕,,,,
154,성미아구찜,한식,경기도 남양주시 금곡로 23,아구찜,,,,
155,대창옥,한식,경기도 남양주시 일패로 14,부대찌개,,,,
156,옛날에손만두,한식,경기도 남양주시 진건읍 사릉로 136번길 16,손만두국,,,,
157,사능우리식당,한식,경기도 남양주시 진건읍 사릉로 283,소머리국밥,,,,
158,고모네콩탕,한식,경기도 남양주시 진건읍 송능리 398,황태두부전골,,,,
159,평남초계탕막국수,한식,경기도 동두천시 삼육사로 1049,초계탕,,,,
160,원조다래솥뚜껑,한식,경기도 동두천시 삼육사로 980,베이컨구이,,,,
161,평남면옥,한식,경기도 동두천시 생연로 127,냉면,,,,
162,호수식당,한식,경기도 동두천시 중앙로 312,부대찌개,,,,
163,송월관,한식,경기도 동두천시 큰시장로 28-10,"떡갈비, 갈비탕",,,,
164,손사부,중식,경기도 부천시 경인로 180,삼선백짬뽕,,,,
165,대박닭한마리칼국수,한식,경기도 부천시 부일로 711,닭칼국수,,,,
166,조선옥설렁탕,한식,경기도 부천시 경인로 33,"곰탕,설렁탕",,,,
167,진달래카페,한식,경기도 부천시 소사로 482,돈까스,,,,
168,크라이치즈버거,퓨전,경기도 부천시 신흥로 52번길 35,수제햄버거,,,,
169,참사랑화로구이,한식,경기도 부천시 심곡로 54,"육류, 뒷고기",,,,
170,청정칼국수수제비전문점,한식,경기도 부천시 상일로145번길 42,들깨수제비,,,,
171,쭈꾸미구이용궁별미,한식,경기도 부천시 신흥로 238번길 22,"양념쭈꾸미구이, 매생이수제비",,,,
172,도래샘,한식,경기도 부천시 원미로 166,청국장,,,,
173,시골통돼지볶음찌개전문점,한식,경기도 부천시 원미로31번길 21,통돼지볶음찌개,,,,
174,회사랑방,일식,경기도 성남시 분당구 돌마로 486번길 12,"회덮밥, 막회",,,,
175,청계산수타짬뽕,중식,경기도 성남시 분당구 판교공원로5길 22,짬뽕,,,,
176,만강장어,한식,경기도 성남시 분당구 장미로92번길 7-5,장어탕,,,,
177,채운,한식,경기도 성남시 분당구 하오개로 344번길 1,생선구이,,,,
178,인사동,한식,경기도 성남시 분당구 황새울로 200번길 26,닭볶음탕,,,,
179,남추어탕,한식,경기도 성남시 수정구 심곡로 1,추어탕,,,,
180,한소반쭈꾸미,한식,경기도 성남시 수정구 청계산로 589-1,쭈꾸미,,,,
181,충남정육식당,한식,경기도 성남시 수정구 탄리로96번길 22-2,"제육볶음, 김치찌개",,,,
182,옻닭집,한식,경기도 수원시 권선구 정조로 423,옻닭,,,,
183,해물천지,한식,경기도 수원시 팔달구 행궁로22번길 17,조개전골,,,,
184,남해생선구이,한식,경기도 수원시 영통구 동수원로537번길 7,생선구이 ,,,,
185,군포해물탕 ,한식,경기도 수원시 영통구 동수원로513번길 11,해물탕 ,,,,
186,온수골이호낙지본점,한식,경기도 수원시 영통구 매탄로79번길 8,해물조개전골,,,,
187,도봉산갈비,한식,경기도 수원시 영통구 매탄로100번길 7-6,돼지갈비,,,,
188,해물궁,한식,경기도 수원시 장안구 덕영대로511번길 29-22,아구찜,,,,
189,국수부자 ,한식,경기도 수원시 장안구 경수대로976번길 41,"잔치국수, 비빔국수",,,,
190,백청우칼국수 조원점,한식,경기도 수원시 장안구 금당로 1,해물국수전골,,,,
191,화홍추어탕,한식,경기도 수원시 장안구 송원로41번길 9,추어탕 ,,,,
192,까삐네칼국수,한식,경기도 수원시 장안구 송정로 161,칼국수,,,,
193,그집쭈꾸미볶음 ,한식,경기도 수원시 장안구 만석로 183,"쭈꾸미볶음, 해물파전",,,,
194,신사강정육식당,한식,경기도 수원시 장안구 정조로1088번길 11,"쇠고기, 돼지고기구이",,,,
195,풍어생선구이정식,한식,경기도 수원시 장안구 천천로210번길 17-12,생선구이,,,,
196,콩마당 ,한식,경기도 수원시 장안구 파장천로 92,콩마당정식 ,,,,
197,보영만두,한식,경기도 수원시 장안구 팔달로 271,"만두, 쫄면",,,,
198,인계수제비,한식,경기도 수원시 팔달구 권광로196번길 17-9,얼큰수제비,,,,
199,마초,일식,경기도 수원시 팔달구 권광로196번길 51,모듬초밥,,,,
200,스시한판수원점,일식,경기도 수원시 팔달구 덕영대로 913-1,초밥,,,,
201,아다미,한식,경기도 수원시 팔달구 매산로 1-8,순댓국,,,,
202,석산민물매운탕,한식,경기도 수원시 팔달구 세지로 198번길 41,"매운탕, 오징어볶음",,,,
203,남도한정식황복촌,한식,경기도 수원시 팔달구 효원로265번길 41,한정식,,,,
204,도프셰프,양식,경기도 수원시 팔달구 인계로166번길 48-17 BLS플라자 302호,단호박 파스타,,,,
205,가보정,한식,경기도 수원시 팔달구 장다리로 282,생갈비,,,,
206,조선삼계탕,한식,경기도 수원시 팔달구 인계로 166번길 48-21,삼계탕,,,,
207,백청우칼국수본점,한식,경기도 수원시 팔달구 장다리로 253,해물칼국수,,,,
208,대왕칼국수,한식,경기도 수원시 팔달구 창룡대로7번길 11,칼국수 ,,,,
209,고등반점,중식,경기도 수원시 팔달구 팔달로52번길 43,"짜장면, 탕수육 ",,,,
210,두꺼비집,한식,경기도 수원시 팔달구 향교로 100,부대찌개,,,,
211,매온당,한식,경기도 수원시 팔달구 효원로307번길 47,곰탕,,,,
212,영천식당,한식,경기도 수원시 팔달구 효원로291번길 35,육회비빔밥,,,,
213,만선회센타본점,한식,경기도 시흥시 배곧5로 78,물회,,,,
214,예당매운탕,한식,경기도 시흥시 수인로 2780,어탕국수,,,,
215,개성집오산점,한식,경기도 시흥시 시흥대로 248-20,"생선구이, 명태조림",,,,
216,동경동태탕,한식,경기도 안산시 단원구 고잔로 57-9,동태탕,,,,
217,문성5호,한식,경기도 안산시 단원구 대부황금로 1209,매운탕,,,,
218,김 & 김,일식,경기도 안산시 단원구 대선로 384,왕돈가스,,,,
219,산골미꾸라지매운당,한식,경기도 안산시 단원구 소바위길 12,추어탕,,,,
220,와각칼국수,한식,경기도 안산시 단원구 아랫말길 27,바지락 비빔칼국수,,,,
221,유니스의정원 ,양식,경기도 안산시 상록구 반월천북길 139,"바비큐, 파스타 ",,,,
222,궁중삼계탕,한식,경기도 안산시 상록구 석호공원로 69,삼계탕,,,,
223,어부횟집,한식,경기도 안산시 상록구 석호로 105,"활 초밥, 매운탕",,,,
224,옛맛시골아주매순대,한식,경기도 안산시 상록구 시낭로 38,순대국,,,,
225,시골순대,한식,경기도 안산시 상록구 용신로 351,막창순대,,,,
226,대궐봉평막국수,한식,경기도 안산시 상록구 이호로 24,막국수,,,,
227,그루터기,한식,경기도 안성시 공도읍 덕봉서원로 265,어죽,,,,
228,물고기자리안성점,한식,경기도 안성시 금광면 동신곡길 58,생선구이,,,,
229,감나무골가든,한식,경기도 안성시 금광면 삼흥로 137,"옻닭, 백숙",,,,
230,당목골,한식,경기도 안성시 남파로 121,떡만두국,,,,
231,가마솥들밥,한식,경기도 안성시 보개면 진안로 1194,들밥정식,,,,
232,안성장터국밥,한식,경기도 안성시 미양면 구례골길 170-17,소고기국밥,,,,
233,골목식당,한식,경기도 안성시 장기2길 97,칼국수,,,,
234,개성토종상황버섯삼계탕,한식,경기도 안성시 죽산면 미륵당길 28,삼계탕,,,,
235,장안면옥,한식,경기도 안성시 중앙로 371번길 54,"냉면, 갈비",,,,
236,송림정,한식,경기도 안양시 만안구 박달우회로 184,흑염소,,,,
237,보원털랭이매운탕,한식,경기도 양주시 광적면 그루고개로 44,털랭이매운탕,,,,
238,밀밭칼국수,한식,경기도 양주시 덕정6길 45,칼국수,,,,
239,덕화원,중식,경기도 양주시 덕정길 4,탕수육,,,,
240,막줄래국시,한식,경기도 양주시 마전로 118번길 17,도토리해물칼국시,,,,
241,항아리갈비탕,한식,경기도 양주시 백석읍 권율로 1377번길 89-2,갈비탕,,,,
242,양주골순두부보리밥,한식,경기도 양주시 부흥로1374번길 28,두부전골,,,,
243,밀밭사랑본점,한식,경기도 양주시 부흥로1398번길 189,"해물칼국수, 바지락칼국수",,,,
244,옥이네순두부,한식,경기도 양주시 은현면 삼육사로 455,두부전골,,,,
245,섬진강,한식,경기도 양주시 장흥면 북한산로 778-6,메기매운탕,,,,
246,불곡가든,한식,경기도 양주시 평화로 1261번길 335,"백숙, 비빔밥",,,,
247,호수부대찌개,한식,경기도 양주시 화합로 1414,부대찌개,,,,
248,부뚜막,한식,경기도 양평군 양평읍 공흥로 26,가정식백반,,,,
249,용칼국수,한식,경기도 양평군 양평읍 덕평벌말길 42-69,칼국수,,,,
250,파육칼 양평본점,한식,경기도 양평군 양평읍 물안개공원길51,육개장칼국수,,,,
251,콩타령,한식,경기도 양평군 양평읍 중앙로 86,콩국수,,,,
252,콩리,한식,경기도 양평군 옥천면 신복길 99,"묵밥, 전병",,,,
253,꽃국수,한식,경기도 양평군 옥천면 신복길127번길 10,송이갈비국수,,,,
254,보광정,한식,경기도 양평군 옥천면 용천로149번길 27,닭볶음탕,,,,
255,용문산농장쌈밥마을,한식,경기도 양평군 용문면 용문산로 176,쌈밥,,,,
256,돗가비불쭈꾸미본점,한식,경기도 양평군 용문면 용문산로 207,"불쭈꾸미, 들깨칼국수",,,,
257,용두리짬뽕,중식,경기도 양평군 청운면 용두로 148,짬뽕,,,,
258,여주선,한식,경기도 여주시 강변로 134,쏘가리매운탕,,,,
259,육일한우거지장터국밥,한식,경기도 여주시 강천면 강문로 222,한우거지장터국밥,,,,
260,송백보리밥,한식,경기도 여주시 강천면 강문로 267,보리밥,,,,
261,강천매운탕,한식,경기도 여주시 강천면 강천리길 84,매운탕,,,,
262,홍원막국수,한식,경기도 여주시 대신면 천서리길 12,막국수,,,,
263,중암리손두부집,한식,경기도 여주시 북내면 당전로 345-24,두부찌개,,,,
264,산내들곱창,한식,경기도 여주시 북내면 여강로 18,돼지곱창전골,,,,
265,유가장,중식,경기도 여주시 세종로 46번길 17-1,짬뽕,,,,
266,정원뚝배기 ,한식,경기도 여주시 여흥로 69번길 26-13,"황태해장국, 내장탕 ",,,,
267,수곡가든,한식,경기도 여주시 향교2길 37,양념왕갈비,,,,
268,동네막국수,한식,경기도 여주시 현암3길 28,비빔막국수,,,,
269,능서돼지국밥,한식,경기도 여주시 흥천면 흥천로 1,돼지국밥,,,,
270,임진강언덕너머매운탕,한식,경기도 연천군 군남면 솔너머길 43-21,민물매운탕,,,,
271,대호식당,한식,경기도 연천군 신서면 연신로 1154,"부대찌개, 동태찌개",,,,
272,약수오리,한식,경기도 연천군 신서면 연신로 1616,더덕오리,,,,
273,유일순대국,한식,경기도 연천군 연천읍 연신로 494번길 12,순대국,,,,
274,불탄소가든,한식,경기도 연천군 연천읍 현문로 526-29,"메기매운탕, 참게매운탕",,,,
275,아가페식당,한식,경기도 연천군 전곡읍 전곡로 25-23,칼만두,,,,
276,미원손두부보리밥,한식,경기도 연천군 전곡읍 전곡역로72번길 32-1,두부전골,,,,
277,망향비빔국수,한식,경기도 연천군 청산면 궁평로 5,비빔국수,,,,
278,인제막국수,한식,경기도 연천군 청산면 전영로 348,막국수,,,,
279,청수식당운암,한식,경기도 오산시 경기동로 8번길 19,두루치기,,,,
280,운암명가부대찌개철판구이전문점,한식,경기도 오산시 대원로 65,부대찌개,,,,
281,개성집,한식,경기도 오산시 동부대로 568번길 21-2,명문조림,,,,
282,능이밥상,한식,경기도 오산시 오산로 123-7,능이삼계탕,,,,
283,영동집,한식,경기도 오산시 오산로212번길 25,곱창전골,,,,
284, 오리향,한식,경기도 오산시 운천로 74,오리백숙,,,,
285,선재칼국수,한식,경기도 용인시 기흥구 관곡로85번길 7-1,칼국수,,,,
286,일쩜오쭈꾸미,한식,경기도 용인시 기흥구 동백중앙로 221,쭈꾸미볶음,,,,
287,큰손식당,한식,경기도 용인시 기흥구 공세로 243,오삼불고기,,,,
288,청사초롱,한식,경기도 용인시 기흥구 지삼로17번길 7-8,오리주물럭,,,,
289,금잔디,한식,경기도 용인시 수지구 고기로 553-17,한정식,,,,
290,곤드레밥집,한식,경기도 용인시 수지구 고기로 114,곤드레밥,,,,
291,감치래비빔국수,퓨전,경기도 용인시 수지구 고기로 104,비빔국수&돈까스,,,,
292,강원도막국수,한식,경기도 용인시 수지구 동천로 26,막국수,,,,
293,동인카페,한식,경기도 용인시 처인구 금령로 12번길 42,한정식,,,,
294,선비분식,한식,경기도 용인시 처인구 금령로 85번길 14-5,만두,,,,
295,남애막국수칼국수,한식,경기도 용인시 처인구 금령로 34번길 7,"칼국수, 막국수",,,,
296,황소식당,한식,경기도 용인시 처인구 금학로 515,오삼불고기,,,,
297,공원동태섞어탕,한식,경기도 용인시 처인구 금학로349번길 7,동태섞어탕,,,,
298,둥지뜰,한식,경기도 용인시 처인구 동부로 299,만두국,,,,
299,깊은산속다람쥐,한식,경기도 용인시 처인구 모현읍 갈월로 172,도토리 묵밥,,,,
300,제일식당,한식,경기도 용인시 처인구 백암면 백암로 201번길 11,순대국,,,,
301,태봉산한터오리골,한식,경기도 용인시 처인구 양지면 주북로 440,양념 오리구이,,,,
302,원삼횟집,한식,경기도 용인시 처인구 원삼면 농촌파크로 225,회,,,,
303,미락가든,한식,경기도 용인시 처인구 이동읍 어진로 790,메기 매운탕,,,,
304,원똘배가,한식,경기도 용인시 처인구 지삼로 590,만두전골,,,,
305,봉덕칼국수,한식,경기도 의왕시 징계골길 11,칼국수,,,,
306,이순례손칼국수,한식,경기도 의정부시 둔야로45번길 48,"칼국수, 만두",,,,
307,평양초계탕·막국수,한식,경기도 의정부시 둔야로 33번길 34,막국수,,,,
308,산오리,한식,경기도 의정부시 민락로 498-24,오리회전구,,,,
309,전원식당,한식,경기도 의정부시 평화로 175-1,구이,,,,
310,신갈미,한식,경기도 이천시 경충대로 2494,추어국수,,,,
311,속초집,한식,경기도 이천시 경충대로 2849,불향쭈꾸미,,,,
312,청목,한식,경기도 이천시 경충대로 3046,쌀밥정식,,,,
313,서경한우프라자,한식,경기도 이천시 구만리로 300,이천한우,,,,
314,대자연호남식당,한식,경기도 이천시 모가면 진상미로 1585,돼지불구이,,,,
315,서경들손두부 ,한식,경기도 이천시 모가면 진상미로1178번길 17,"두부전골, 보쌈정식",,,,
316,소문난칼국수,한식,경기도 이천시 설봉로58번길 30,칼국수,,,,
317,오가생선구이전문점,한식,경기도 이천시 신둔면 경충대로 3198,생선구이,,,,
318,거궁,한식,경기도 이천시 신둔면 서이천로 945,한정식,,,,
319,이천염소탕,한식,경기도 이천시 증신로 22-21,염소탕,,,,
320,오늘손칼국수&찜,한식,경기도 이천시 호법면 이섭대천로 864,해물찜,,,,
321,시골손칼국수,한식,경기도 파주시 금정로 20,호박만두,,,,
322,원조삼거리부대찌개,한식,경기도 파주시 문산읍 문향로 103,부대찌개,,,,
323,북경반점,중식,경기도 파주시 법원읍 사임당로 908,짬뽕,,,,
324,초리골초계탕,한식,경기도 파주시 법원읍 초리골길 110,초계탕,,,,
325,내사랑동까스,일식,경기도 파주시 송학말길 65,왕돈가스,,,,
326,순짬뽕,중식,경기도 파주시 시청로 5,군산짬뽕,,,,
327,원조두지리매운탕본점,한식,경기도 파주시 적성면 술이홀로 2316번길 45,민물매운탕,,,,
328,갈릴리농원,한식,경기도 파주시 탄현면 방촌로 1196,장어구이,,,,
329,사거리덕성식당,한식,경기도 평택시 국제로 38,순대국,,,,
330,물음표볶음,한식,경기도 평택시 밀월로 43번길 46,"칼국수,열무국수",,,,
331,온달해물국,한식,경기도 평택시 방여울로39번길 6,대구맑은탕,,,,
332,갈릴리수산,한식,경기도 평택시 서정로 216,회,,,,
333,미스진햄버거,양식,경기도 평택시 쇼핑로 3-1,햄버거,,,,
334,숯고개부대찌개 ,한식,경기도 평택시 쇼핑로 39-1,"부대찌개, 스테이크",,,,
335,록키즈버거,양식,경기도 평택시 쇼핑로 8,햄버거,,,,
336,역전육회,한식,경기도 평택시 원평로52번길 19,육회,,,,
337,평택쌍둥이네,한식,경기도 평택시 유천3길 109,어죽,,,,
338,사오정과저팔계,한식,경기도 평택시 이충로100번길 31,"백반, 오징어볶음",,,,
339,동해장,중식,경기도 평택시 중앙로 137,유니짜장,,,,
340,깔끔이분식,한식,경기도 평택시 중앙시장로 18-2,"쫄면, 당면떡볶이",,,,
341,송쓰버거,양식,경기도 평택시 중앙시장로25번길 12-1,햄버거,,,,
342,김네집,한식,경기도 평택시 중앙시장로25번길 15,부대찌개,,,,
343,시골풍경,한식,경기도 평택시 청북읍 현곡길 73,민물매운탕,,,,
344,꼬끼오닭개장,한식,경기도 평택시 청북읍 서해로 1752-3,닭개장,,,,
345,항아리메밀국수집,한식,경기도 평택시 통복시장로22번길 7-1,오리백숙,,,,
346,이모네시골집,한식,경기도 평택시 팽성읍 송화택지로 25번길 13,묵은지 닭볶음탕,,,,
347,이창진가마솥곰탕,한식,경기도 평택시 평택1로 105,곰탕,,,,
348,호성식당,한식,경기도 평택시 포승읍 연암길 87,"꽃게탕, 게장정식",,,,
349,홍두깨식당,한식,경기도 평택시 포승읍 연암길 92,칼국수,,,,
350,하늘정농원,한식,경기도 평택시 포승읍 재촌안길 7-37,닭요리,,,,
351,대반식당,한식,경기도 평택시 현덕면 인광4길 19-25,각종찌개,,,,
352,모내기,한식,경기도 포천시 군내면 포천로 1495,쌈밥,,,,
353,함병현김치말이국수,한식,경기도 포천시 내촌면 내촌로 175,국수,,,,
354,원조우렁쌈밥순두부,한식,경기도 포천시 내촌면 신팔리 73-5,순두부,,,,
355,동이손만두,한식,경기도 포천시 소흘읍 광릉수목원로 700-3,만두,,,,
356,동강민물매운탕,한식,경기도 포천시 소흘읍 죽엽산로 378,매운탕,,,,
357,무봉리토종순대국본점,한식,경기도 포천시 소흘읍 호국로 475,순대국,,,,
358,고향나들이,한식,경기도 포천시 신북면 깊이울로 103,오리로스,,,,
359,평양면옥,한식,경기도 포천시 신북면 틀못이길 9,평양냉면,,,,
360,우목정,한식,경기도 포천시 이동면 화동로 1974,이동갈비,,,,
361,포천팔공짬뽕수제돈까스,퓨전,경기도 포천시 호국로 1193,"짬뽕, 왕돈까스",,,1,
362,홍두깨,한식,경기도 포천시 정문동길 24,칼국수,,,,
363,밀향기,한식,경기도 하남시 검단산로 217,"검은콩국수, 해물칼국수",,,,
364,오천년코다리본점,한식,경기도 하남시 검단산로 263,코다리조림,,,,
365,창모루,한식,경기도 하남시 검단산로 301,칼국수,,,,
366,팔당원조칼제비칼국수,한식,경기도 하남시 검단산로 348,칼제비,,,,
367,털보집,한식,경기도 하남시 검단산로 379,"빠가사리매운탕, 붕어찜",,,,
368,강릉해변메밀막국수,한식,경기도 하남시 서하남로 541,메밀막국수,,,,
369,오늘도웃자,한식,경기도 하남시 서하남로 573,생고기 두루치기,,,,
370,양지곱창,한식,경기도 하남시 수리북로 15,"돼지막창양념,소금구이",,,,
371,유장춘닭개장,한식,경기도 하남시 천현로 86,닭개장,,,,
372,독불장군,한식,경기도 하남시 초일로 10,백반,,,,
373,상화울가든,한식,경기도 하남시 초일로 174번길 27,"능이닭, 오리백숙",,,,
374,산곡민물매운탕어탕칼국수,한식,경기도 하남시 하남대로 183,민물매운탕국수,,,,
375,초가집,한식,경기도 화성시 남양읍 남양로 610,아구찜,,,,
376,원냉면,한식,경기도 화성시 남양읍 남양성지로 147,"만두전골, 냉면",,,,
377,옥돌정,한식,경기도 화성시 남양읍 남양성지로 211,"냉면, 곰탕",,,,
378,병점아씨닭발,한식,경기도 화성시 병점동로 98,"닭발, 똥집볶음, 오돌뼈",,,,
379,산골추어탕,한식,경기도 화성시 봉담읍 가능골2길 39,매운탕,,,,
380,구가네통영굴밥,한식,경기도 화성시 봉담읍 왕림리 15,굴정식,,,,
381,다람쥐할머니,한식,경기도 화성시 비봉면 비봉로 165,도토리묵맛집,,,,
382,비봉손칼국수,한식,경기도 화성시 비봉면 화성로 1617번길 57,칼국수,,,,
383,신서해횟집,한식,경기도 화성시 서신면 궁평항로 1159-1,"우럭매운탕, 가자미무침",,,,
384,전주초가집,한식,경기도 화성시 서신면 궁평항로 1276-1,청국장,,,,
385,삼성낙지칼국수,한식,경기도 화성시 서신면 바다뜰길 100,"낙지무침, 칼국수",,,,
386,구좌리얼크니손칼국수화성점,한식,경기도 화성시 세자로 481,샤브칼국수,,,,
387,시골집민물장어,한식,경기도 화성시 송산면 제부로 1143-8,민물장어,,,,
388,두오즈 ,카페,경기도 화성시 장안면 한천1길 32-7,김치찌개백반,,,,
389,뚝방집,한식,경기도 화성시 정남면 모산길 19-19,"묵밥, 손두부",,,,
390,용바우가든,한식,경기도 화성시 정남면 신백길 39,"왕갈비, 김치전골",,,,
391,부산식당 순대국밥,한식,경기도 화성시 태안로 210-1,순대국,,,,
392,화성청학동칡냉면,한식,경기도 화성시 효행로 468,냉면,,,,
393,해장촌,한식,경기도 화성시 효행로 509,해장국,,,,
394,석천돌솥밥,한식,인천광역시 강화군 강화읍 강화대로393번길 8-1,돌솥한정식,,,,
395,수라전통육개장,한식,인천광역시 강화군 강화읍 강화대로403번길 14,육개장,,,,
396,호산정,한식,인천광역시 강화군 강화읍 고비고개로 248-5,맛있는밥상,,,,
397,강화쑥숯불갈비,한식,인천광역시 강화군 강화읍 남문로 45,갈비,,,,
398,왕자정묵밥,한식,인천광역시 강화군 강화읍 북문길 55,묵밥,,,,
399,우리옥,한식,인천광역시 강화군 강화읍 신문리 184-5,한식집,,,,
400,연미정 할머니네,한식,인천광역시 강화군 강화읍 해안북로 450,백반,,,,
401,서령,한식,인천광역시 강화군 길상면 보리고개로 96,메밀 막국수,,,,
402,보광호,한식,인천광역시 강화군 길상면 해안남로619번길 21,꽃게탕,,,,
403,충남서산집,한식,인천광역시 강화군 내가면 중앙로 1200,"꽃게탕, 꽃게찜",,,,
404,이유가,한식,인천광역시 강화군 선원면 시리미로42번길 62-34,청국장,,,,
405,일미산장숯불장어,한식,인천광역시 강화군 선원면 더리미길 2,"민물장어, 갯벌장어",,,,
406,돌기와집,한식,인천광역시 강화군 송해면 상도숭뢰길116번길 39-10,"붕어찜, 메기매운탕",,,,
407,유진면옥,한식,인천광역시 강화군 양도면 강화남로 606-1,"진주냉면, 육개장, 육전",,,,
408,편가네된장,한식,인천광역시 강화군 화도면 가능포로89번길 11,"강된장비빕밥, 젓국갈비전골",,,,
409,계산복집,한식,인천광역시 계양구 계산새로25,복어요리,,,,
410,현미순두부,한식,인천광역시 부평구 마장로 265,순두부,,,,
411,찐만이네,한식,인천광역시 계양구 봉오대로677번길 15-1,만두,,,,
412,바로족발,한식,인천광역시 계양구 주부토로 545,족발,,,,
413,들내음들깨칼국수·수제비,한식,인천광역시 남동구 논고개로 393,"들깨칼국수, 수제비",,,,
414,마음으로 가는 고향,한식,인천광역시 남동구 덕골로 151,돌솥비빔밥,,,,
415,풍가미가뼈해장국,한식,인천광역시 남동구 만수로75번길 17,뼈해장국,,,,
416,대관령숯불갈비,한식,인천광역시 남동구 문화로133번길 44,"우렁쌈밥, 두루치기",,,,
417,모자온달,한식,인천광역시 남동구 문화서로18번길 7,구이닭발,,,,
418,영일궁,한식,인천광역시 남동구 선수촌공원로23번길 20,삼겹살,,,,
419,자돈심,한식,인천광역시 남동구 선수촌공원로23번길 6-1,삼겹살,,,,
420,명동보리밥,한식,인천광역시 남동구 예술로 220,"보리밥정식, 보쌈",,,,
421,대명반점,중식,인천광역시 남동구 인주대로552번길 16,짬뽕,,,,
422,오복내,한식,인천광역시 남동구 호구포로765번길 68-1,미꾸라지 매운탕,,,,
423,현대물텀벙,한식,인천광역시 동구 샛골로 140,"아구탕, 아구찜",,,,
424,형제숯불갈비,한식,인천광역시 동구 화수로 83-1,"김치찌개, 제육볶음",,,,
425,길손물텀벙,한식,인천광역시 미추홀구 경인로7번길 4,아구찜,,,,
426,성진물텀벙,한식,인천광역시 미추홀구 독배로403번길 10,"아귀탕, 아귀찜, 해물찜",,,,
427,청수옥,한식,인천광역시 미추홀구 주승로 84,메밀,,,,
428,장촌칼국수,한식,인천광역시 옹진군 백령면 백령로345번길 15,"칼국수, 만두",,,,
429,그린파크,한식,인천광역시 옹진군 백령면 백령로297번길 16,"냉면, 수육, 전병",,,,
430,심마니한방옻닭,한식,인천광역시 부평구 동수로 28,한방삼계탕,,,,
431,뉴욕반점,한식,인천광역시 부평구 부평대로87번길 4,찹쌀탕수육,,,,
432,힐록,한식,인천광역시 부평구 청중로29번길 34,"돼지모둠바비큐, 파스타, 스테이크",,,,
433,이복집,한식,인천광역시 서구 가정로 168,복어요리,,,,
434,정가며느리볼테기,한식,인천광역시 서구 검단로459번길 7-3,볼테기찜,,,,
435,진천토종순대,한식,인천광역시 서구 신진말로 37,"순대국밥, 곱창전골",,,,
436,오아시스,일식,인천광역시 서구 심곡로 72-3,왕돈까스,,,,
437,어죽이네,한식,인천광역시 서구 심곡로 82-1,철렵국,,,,
438,구도로통닭,한식,인천광역시 서구 청라커낼로260번길 11,마늘쫑통닭,,,,
439,청정칼국수,한식,인천광역시 서구 푸른로14번길 12,청합칼국수,,,,
440,해가산꽃게탕,한식,인천광역시 연수구 대암로 21,꽃게탕,,,,
441,그시절동태촌,한식,인천광역시 연수구 샘말로 37-8,동태탕,,,,
442,용두레,한식,인천광역시 연수구 예술로20번길 41,"옻닭, 오리누룽지백숙",,,,
443,할머니 즉석떡볶이,한식,인천광역시 연수구 청량로 235,떡볶이,,,,
444,하림,중식,인천광역시 옹진군 덕적면 덕적북로133번길 55,"볶음밥, 짜장면",,,,
445,월아천,한식,인천광역시 중구 개항로45번길 12-20,"오리백숙, 닭볶음탕",,,,
446,해송쌈밥,한식,인천광역시 중구 공항서로 177,쌈밥,,,,
447,화성영양탕,한식,인천광역시 중구 서해대로410번길 45,"영양탕, 삼계탕",,,,
448,금산,한식,인천광역시 중구 연안부두로 16,밴댕이회무침,,,,
449,송원식당,한식,인천광역시 중구 연안부두로 24-1,밴댕이회무침,,,,
450,황해해물칼국수1호점,한식,인천광역시 중구 마시란로 24,"칼국수, 만두",,,,
451,연경,중식,인천광역시 중구 차이나타운로 41,짜장면,,,,
452,공화춘,중식,인천광역시 중구 차이나타운로 43,짜장면,,,,
453,신승반점,중식,인천광역시 중구 차이나타운로44번길 31-3,짜장면,,,,
454,남도추어탕,한식,인천광역시 중구 흰바위로92번길 6-16,추어탕,,,,
455,시골식당,한식,강원도 강릉시 강동면 헌화로 665-1,망치매운탕,,,,
456,청정갯마을,한식,강원도 강릉시 강릉대로 210번길 22,생선찜,,,,
457,엄지네포장마차,한식,강원도 강릉시 경강로 2255번길 21,꼬막무침,,,,
458,청송장칼국수,한식,강원도 강릉시 경강로2323번길 14,장칼국수,,,,
459,남항진어촌식당,한식,강원도 강릉시 공항길 127번길 35-7,가자미회무침,,,,
460,형제막국수,한식,강원도 강릉시 사임당로 113-3,"막국수, 수육 ",,,,
461,제주해인물회,한식,강원도 강릉시 사천면 진리해변길 68-9,물회,,,,
462,이주환전통한우,한식,강원도 강릉시 성산면 사임당로107번길 89,갈비탕,,,,
463,숲속집,한식,강원도 강릉시 성산면 칠봉로 15-7,순대국밥,,,,
464,해미가,한식,강원도 강릉시 솔올로 103,물회,,,,
465,연곡꾹저구탕,한식,강원도 강릉시 연곡면 진고개로 2679,꾹저구탕,,,,
466,차연희순두부청국장,한식,강원도 강릉시 초당순두부길 96,순두부,,,,
467,동화가든,한식,강원도 강릉시 초당순두부길77번길 15,짬뽕순두부,,,,
468,누리식당,한식,강원도 고성군 간성읍 수성로 150,소머리국밥,,,,
469,교동막국수,한식,강원도 고성군 간성읍 진부령로 2709-4,쌈밥정식,,,,
470,수성반점,중식,강원도 고성군 죽왕면 공현진길 37,짬뽕,,,,
471,백촌막국수,한식,강원도 고성군 토성면 백촌1길 10,막국수,,,,
472,소구리설렁탕,한식,강원도 고성군 토성면 중앙로 533,설렁탕,,,,
473,별미여행,한식,강원도 고성군 토성면 인흥길 110,한정식,,,,
474,참맛골,한식,강원도 동해시 동굴로 69,코다리조림 ,,,,
475,굴뚝촌,한식,강원도 동해시 삼화로 253-6,대나무밥,,,,
476,묵호물회,한식,강원도 동해시 샘실3길 24,"물회, 회덮밥",,,,
477,부담없는횟집,한식,강원도 동해시 일출로 135,"회, 매운탕, 대게",,,,
478,밥집,한식,강원도 동해시 천곡3길 3-6,수육,,,,
479,해물천하,한식,강원도 동해시 천곡로 68,해천탕,,,,
480,세진한우실비,한식,강원도 삼척시 도계읍 도계로 290-9,명품한우,,,,
481,토성집,한식,강원도 삼척시 봉황로 97,쌈밥정식,,,,
482,대청마루,한식,강원도 삼척시 사대안2길 26-12,삼겹살,,,,
483,천왕순대국,한식,강원도 삼척시 사대안길 15,순댓국,,,,
484,바다횟집,한식,강원도 삼척시 새천년도로 89-1,곰치국,,,,
485,녹연,한식,강원도 삼척시 남양길 25,돼지갈비,,,,
486,구름다리,한식,강원도 삼척시 청석로1길 10-29,산채더덕정식,,,,
487,부림해물 ,한식,강원도 삼척시 동해대로 3935,대구김치국 ,,,,
488,혜영이네,한식,강원도 속초시 대포항 희망길 55,새우튀김,,,,
489,그리운보리밥,한식,강원도 속초시 법대로 34,청국장,,,,
490,황가네찜 ,한식,강원도 속초시 영랑해안길 95,"생선모둠찜, 대구뽈찜 ",,,,
491,청해해물탕,한식,강원도 속초시 청초호반로 303,대구맑은탕,,,,
492,시래원,한식,강원도 양구군 남면 국토정중앙로 42,시래기정식,,,,
493,도촌막국수,한식,강원도 양구군 남면 국토정중앙로 6,막국수,,,,
494,손냉면,한식,강원도 양구군 국토정중앙면 정중앙로 183-6,냉면,,,,
495,전주식당,한식,강원도 양구군 양구읍 비봉로 91-23,두부전골,,,,
496,일촌 ,한식,강원도 양구군 양구읍 양록길23번길 6-5,"매운등갈비찜, 도토리임자탕",,,,
497,옥천식당,한식,강원도 양구군 양구읍 중앙길 68,내장국밥,,,,
498,양구재래식손두부,한식,강원도 양구군 양구읍 학안로 6,두부전골,,,,
499,솔거리추어탕,한식,강원도 양양군 강현면 안골로 296-15,추어탕 ,,,,
500,범골토종닭,한식,강원도 양양군 서면 설악로 2073-33,백숙,,,,
501,옛뜰,한식,강원도 양양군 손양면 동명로 289,"두부구이, 섭국",,,,
502,송이골,한식,강원도 양양군 손양면 동명로 4,송이불고기,,,,
503,상운메밀촌,한식,강원도 양양군 손양면 상운길 44-33,메밀장칼국수,,,,
504,수산항물회,한식,강원도 양양군 손양면 선사유적로 185,째복조개,,,,
505,담치마을 ,한식,강원도 양양군 양양읍 남문로 17,섭국 ,,,,
506,뜰,한식,강원도 양양군 양양읍 동해대로 2980,"보신탕, 영양탕",,,,
507,산들바람,한식,강원도 영월군 남면 별방창원로 1423,곤드레정식,,,,
508,원짬뽕,중식,강원도 영월군 영월읍 하송로 93,짬뽕,,,,
509,서부순대,한식,강원도 영월군 영월읍 서부시장길 15-13,순대국,,,,
510,다슬기향촌성호식당,한식,강원도 영월군 영월읍 영월로 2101,다슬기순두부,,,,
511,장릉보리밥집,한식,강원도 영월군 영월읍 단종로 178-10,보리밥 ,,,,
512,단골식당,한식,강원도 영월군 영월읍 중리1길 107,콩국수,,,,
513,박가네,한식,강원도 영월군 영월읍 중앙로 149,닭백숙,,,,
514,물레방아쉼터,한식,강원도 영월군 영월읍 중앙로 803,메기매운탕,,,,
515,솔잎가든 ,한식,강원도 영월군 영월읍 청령포로 48-5,곤드레돌솥밥 ,,,,
516,제천식당,한식,강원도 영월군 주천면 도천길 3,꼴뚜국수,,,,
517,주천묵집,한식,강원도 영월군 주천면 송학주천로 1282-11,묵밥,,,,
518,무실왕솥뚜껑삼겹살,한식,강원도 원주시 섬밭들1길 34-10,삼겹살,,,,
519,치악산참숯가마,한식,강원도 원주시 소초면 하황골길 45-19,삼겹살,,,,
520,동해동태찜,한식,강원도 원주시 원문로 108,동태찜 ,,,,
521,12안젤로,카페,강원도 원주시 천사로 12,"커피, 빙수, 디저트",,,,
522,누나네밥집,한식,강원도 원주시 천사로 199,"갈치조림, 콩나물삼겹살 ",,,,
523,박순례손말이고기산정집,한식,강원도 원주시 원일로 148-3,고기말이,,,,
524,원주복추어탕,한식,강원도 원주시 치악로 1748,추어탕,,,,
525,제물포해물칼국수,한식,강원도 원주시 황소마을길 20-6,해물칼국수,,,30,1
526,방동막국수 ,한식,강원도 인제군 기린면 조침령로 496,막국수 ,,,,
527,대흥식당,한식,강원도 인제군 남면 빙어마을길 28,메기찜,,,,
528,산장가든,한식,강원도 인제군 북면 갈골로2길 21-1,오골계,,,,
529,송희식당,한식,강원도 인제군 북면 원통로 298,황태정식,,,,
530,미산민박식당,한식,강원도 인제군 상남면 내린천로 2076,두부전골,,,,
531,대복순두부,한식,강원도 인제군 인제읍 비봉로 32-3,두부전골,,,,
532,신돈까스,퓨전,강원도 인제군 인제읍 비봉로6번길 4,"돈가스, 짬뽕밥",,,,1
533,옛날원대막국수,한식,강원도 인제군 인제읍 자작나무숲길 1113,막국수,,,,
534,밥상머리,한식,강원도 정선군 고한읍 함백산로 1103,"오리백숙, 오리볶음탕",,,,
535,함백산돌솥밥,한식,강원도 정선군 고한읍 함백산로 1675,곤드레돌솥정식,,,,
536,거목한방순대국,한식,강원도 정선군 남면 도원2길 10,순대국,,,,
537,사계절막국수,한식,강원도 정선군 여량면 아우라지길 18,"장칼국수, 막국수",,,,
538,옥산장,한식,강원도 정선군 여량면 여량3길 79,곤드레밥정식,,,,
539,통나무가든,한식,강원도 정선군 정선읍 가리왕산로 621,"백숙, 닭도리탕",,,,
540,동광식당 ,한식,강원도 정선군 정선읍 녹송1길 27,황기족발,,,,
541,정선면옥,한식,강원도 정선군 정선읍 봉양5길 35,장칼국수,,,,
542,짐포리식당,한식,강원도 정선군 정선읍 세대길 234,민물매운탕,,,,
543,싸리골식당,한식,강원도 정선군 정선읍 정선로 1312,곤드레나물밥,,,,
544,내대리막국수 ,한식,강원도 철원군 갈말읍 내대1길 29-10,막국수,,,,
545,남대천황가네매운탕,한식,강원도 철원군 갈말읍 군탄로 41,매운탕 ,,,,
546,철원막국수,한식,강원도 철원군 갈말읍 명성로158번길 13,막국수,,,,
547,정원본가,한식,강원도 철원군 갈말읍 삼부연로18번길 27,돼지갈비,,,,
548,동주산성,한식,강원도 철원군 갈말읍 호국로 4507,갈비탕,,,,
549,민통선 한우촌,한식,강원도 철원군 갈말읍 호국로 4987,갈비탕,,,,
550,전선휴게소,한식,강원도 철원군 김화읍 금강산로 2012,메기매운탕,,,,
551,모가,한식,강원도 철원군 김화읍 청양로 206-1,한식,,,,
552,솔향기,한식,강원도 철원군 동송읍 금학로 31-10,만두전골,,,,
553,함지박오리숯불구이,한식,강원도 철원군 동송읍 금학로229번길 6-8,오리구이,,,,
554,농부네,퓨전,강원도 철원군 동송읍 오덕로 235-1,샤브샤브,,,,
555,평강 토종닭,한식,강원도 철원군 철원읍 대마1길 34-60,닭백숙,,,,1
556,도원뚝배기짬뽕,중식,강원도 춘천시 동내면 거두택지길 65-9,짬뽕,,,,
557,장가네더덕밥,한식,강원도 춘천시 동면 소양강로 202,한정식,,,,
558,얼사랑홍삼청국장,한식,강원도 춘천시 동면 구룡당길 45,홍삼청국장,,,,
559,콩사랑마을,한식,강원도 춘천시 동내면 거두택지길 65-7,두부전골,,,,
560,보릿고개,한식,강원도 춘천시 동면 서부대성로 483,보리밥정식,,,,
561,대룡산막국수,한식,강원도 춘천시 동내면 동내로 181,막국수,,,,
562,금대골,한식,강원도 춘천시 동면 금촌로 250-1,두루치기,,,,
563,진미닭갈비,한식,강원도 춘천시 백령로 51,닭갈비,,,,
564,유포리막국수,한식,강원도 춘천시 신북읍 맥국2길 123,"막국수, 편육 ",,,,
565,토담,한식,강원도 춘천시 신북읍 신샘밭로 662,닭갈비,,,,
566,가보자순대국,한식,강원도 춘천시 신북읍 율문2길 11,순대국밥,,,,
567,초가뭉텅찌개,한식,강원도 춘천시 신북읍 율문길107-1,뭉텅찌개,,,,
568,홍골솔밭집,한식,강원도 춘천시 신숭겸로 272-93,두부찌개,,,,
569,위도횟집,한식,강원도 춘천시 옥산포길 39-1,메기매운탕,,,,
570,1.5닭갈비 ,한식,강원도 춘천시 후만로 77,닭갈비 ,,,,
571,우성닭갈비,한식,강원도 춘천시 동면 만천양지길 87,닭갈비 ,,,,
572,부안막국수,한식,강원도 춘천시 후석로344번길 8,막국수,,,,
573,대풍삼계탕,한식,강원도 태백시 먹거리1길 21,삼계탕,,,,
574,황가네숯불구이,한식,강원도 태백시 번영로 209,백반,,,,
575,고향이야기,한식,강원도 평창군 대관령면 눈마을길 9,곤드레밥,,,,
576,영진이네,한식,강원도 평창군 대화면 대화중앙1길 6,염소탕,,,,
577,영춘가든,한식,강원도 평창군 미탄면 서동로 3591-10,옻백숙,,,,
578,거기매운탕 ,한식,강원도 평창군 방림면 평창대로 158-4,매운탕 ,,,,
579,다키닥팜,한식,강원도 평창군 봉평면 금당계곡로 1731-5,오리구이,,,,
580,늘봄먹거리,한식,강원도 평창군 봉평면 장촌길 3,메밀싹비빔밥,,,,
581,운두령,한식,강원도 평창군 용평면 운두령로 825,송어회,,,,
582,고바우식당,한식,강원도 평창군 진부면 청송로 90-1,밀면,,,,
583,스쿨카페한입,한식,강원도 평창군 평창읍 노람들길 123-1,한강라면,,,,
584,메밀마을,한식,강원도 홍천군 동면 사락골길 24-2,메밀총떡,,,,
585,꽃골,한식,강원도 홍천군 동면 속초리 268-3,녹두삼계탕,,,,
586,원골,한식,강원도 홍천군 북방면 영서로 2996,곤드레밥,,,,
587,솔향기,한식,강원도 홍천군 북방면 영서로 3012,"뽕잎밥, 간장게장",,,,
588,원소리막국수,한식,강원도 홍천군 북방면 팔봉산로 1866,"막국수, 두부전골",,,,
589,홍천사랑말한우,한식,강원도 홍천군 북방면 홍천로 13-5,한우구이 ,,,,
590,금수강산막국수,한식,강원도 홍천군 서면 한치골길 785,막국수,,,,
591,홍천순대,한식,강원도 홍천군 서석면 풍암리 271-12,"순대국, 염소탕",,,,
592,옛날솥뚜껑감자탕,한식,강원도 홍천군 홍천읍 무궁화로 91-1,뼈다귀해장국,,,,
593,웰빙칼국수,한식,강원도 홍천군 홍천읍 신장대로 45-6,추어칼국수,,,,
594,양지말화로구이 ,한식,강원도 홍천군 홍천읍 양지말길 17-4,"돼지구이, 양념갈비",,,,
595,길매식당,한식,강원도 홍천군 화촌면 구룡령로 214-3,잣두부전골,,,,
596,신토불이,한식,강원도 홍천군 화촌면 굴운로75번길 20-5,고등어두부구이,,,,
597,성산식당,한식,강원도 홍천군 화촌면 성산로 156,제육볶음,,,,
598,개미집,한식,강원도 화천군 사내면 수피평로 32-1,생선조림,,,,
599,뽀야네식당,한식,강원도 화천군 상서면 구둔지길 59,보리밥,,,,
600,웰빙오골계세상,한식,강원도 화천군 화천읍 가손이길 43,"오골계, 닭백숙",,,,
601,향토보리밥,한식,강원도 화천군 화천읍 중앙로6길 20,"닭볶음탕, 보리밥 ",,,,
602,옛골식당,한식,강원도 화천군 화천읍 중앙로4길 13-3,외도리탕,,,,
603,낭천가든,한식,강원도 화천군 화천읍 중앙로6길 21-9,오리백숙,,,,
604,대이리쉼터,한식,강원도 화천군 화천읍 평화로 431,메기매운탕,,,,
605,성원,한식,강원도 화천군 화천읍 하리 45-6,돼지고기김치찌개,,,,
606,대청마루,한식,강원도 화천군 화천읍 하리 47-12,곤드레돌솥밥,,,,
607,쌍둥이네미꾸라지탕,한식,강원도 횡성군 공근면 공근남로 37,미꾸라지탕,,,,
608,순이해장국,한식,강원도 횡성군 안흥면 안흥로 40,추어칼국수,,,,
609,전양옥 진소매운탕,한식,강원도 횡성군 안흥면 주천강로안흥2길 19-10,진소어탕칼국수,,,,
610,횡성한우마을,한식,강원도 횡성군 우천면 수남로 348,한우구이,,,,
611,네덜란드 꿩만두,한식,강원도 횡성군 우천면 한우로우항7길 12,만두국,,,,
612,횡성보양식청하카페,한식,강원도 횡성군 횡성읍 문예로 11,능이백숙,,,,
613,횡성한우곰탕,한식,강원도 횡성군 횡성읍 문화체육로 40,"한우곰탕, 설렁탕 ",,,,
614,운동장해장국,한식,강원도 횡성군 횡성읍 삼일로 79,한우해장국 ,,,,
615,이모네칼국수,한식,강원도 횡성군 횡성읍 읍하북로 40,장칼국수,,,,
616,선돌막국수,한식,강원도 횡성군 횡성읍 입석로 34,"칼국수, 만두국",,,,
617,고네미막국수,한식,강원도 횡성군 횡성읍 한우로 765-2,건진국수,,,,
618,박현자네더덕밥,한식,강원도 횡성군 횡성읍 횡성로 59,더덕정식,,,,
619,팔도강산매운탕,한식,충청북도 괴산군 괴산읍 괴강로느티울길 32,민물매운탕,,,,
620,우리매운탕,한식,충청북도 괴산군 괴산읍 괴강로느티울길 8-2,"잡어매운탕, 메기매운탕",,,,
621,주차장식당,한식,충청북도 괴산군 괴산읍 읍내로 282,올갱이해장국,,,,
622,중앙닭집,한식,충청북도 괴산군 괴산읍 읍내로 319,삼계탕,,,,
623,청풍면옥,한식,충청북도 괴산군 괴산읍 읍내로2길 42,"냉면, 만두",,,,
624,산들가든,한식,충청북도 괴산군 문광면 모래재로 1241,야채수제비,,,,
625,목도매운탕,한식,충청북도 괴산군 불정면 문무로 901,매운탕,,,,
626,한도니랑정육식당,한식,충청북도 괴산군 사리면 사리로 226-5,짜글이,,,,
627,토속정,한식,충청북도 괴산군 청천면 괴산로 1332,올갱이해장국,,,,
628,사나이짬뽕,중식,충청북도 괴산군 청천면 송문로덕평길 26,짬뽕,,,,
629,형제식당,한식,충청북도 괴산군 칠성면 미선로 3,묵밥,,,,
630,향산휴게소식당,한식,충청북도 단양군 가곡면 남한강로 1004,닭도리탕,,,,
631,소백산더덕동동주매운칼국수,한식,충청북도 단양군 단양읍 고수동굴길 3-11,칼국수,,,,
632,대산원조마늘순대,한식,충청북도 단양군 단양읍 도전5길 25 1층,순대국밥,,,,
633,경주식당,한식,충청북도 단양군 단양읍 도전6길 14,복매운탕,,,,
634,미성명가,한식,충청북도 단양군 단양읍 별곡4길 4,닭갈비,,,,
635,장다리식당,한식,충청북도 단양군 단양읍 삼봉로 370,마늘정식,,,,
636,전원회관,한식,충청북도 단양군 단양읍 중앙1로 42,떡갈비,,,,
637,한일맛집,한식,충청북도 단양군 매포읍 평동14길 30,단양마늘찜닭,,,,
638,향미식당,한식,충청북도 단양군 매포읍 평동4길 5,찹쌀탕수육,,,,
639,감천매운탕,한식,충청북도 단양군 영춘면 강변로 95,매운탕,,,,
640,능이칼국수,한식,충청북도 보은군 보은읍 성족2길 41,칼국수,,,,
641,신촌가든,한식,충청북도 보은군 보은읍 장신4길 9-1,버섯찌개,,,,
642,석정,한식,충청북도 보은군 속리산면 법주사로 272,"능이전골, 능이해장국",,,,
643,금바우가든,한식,충청북도 보은군 속리산면 사내1길 175-4,송이백숙,,,,
644,경희식당,한식,충청북도 보은군 속리산면 사내7길 11-4,한정식,,,,
645,로터스블로썸,퓨전,충청북도 보은군 속리산면 상판리 9-1,대추라떼,,,,
646,금강식당,한식,충청북도 보은군 탄부면 하장3길 4,백반,,,,
647,청학동,한식,충청북도 영동군 상촌면 민주지산로 3013,능이버섯전골,,,,
648,폭포가든,한식,충청북도 영동군 심천면 옥계폭포길 144,"우렁쌈장, 우렁된장찌개",,,,
649,가선식당,한식,충청북도 영동군 양산면 금강로 760,어죽,,,,
650,삼미가든,한식,충청북도 영동군 영동읍 구교로 32-28,오리백숙,,,,
651,이수한우영농조합법인,한식,충청북도 영동군 영동읍 난계로 1108,갈비탕,,,,
652,왕도야지족발,한식,충청북도 영동군 영동읍 영동천2길 17,족발,,,,
653,신라,한식,충청북도 영동군 영동읍 회동로1길 8,쌈밥정식,,,,
654,한가네행복한오리,한식,충청북도 영동군 용산면 용산로1길 24,오리주물럭,,,,
655,안성식당,한식,충청북도 영동군 황간면 영동황간로 1618,올뱅이국밥,,,,
656,황간낙지,한식,충청북도 영동군 황간면 영동황간로 1688,낙지볶음,,,,
657,강산가든,한식,충청북도 영동군 황간면 월류봉길 45,민물매운탕,,,,
658,소정마을,한식,충청북도 옥천군 옥천읍 성왕로 1313-1,황태구이,,,,
659,우리밀손칼국수,한식,충청북도 옥천군 군북면 소정2길 6-1,"우리밀칼국수,보리밥",,,,
660,일미해장국,한식,충청북도 옥천군 옥천읍 금장로 105,"해장국,해제비",,,,
661,옥천초량순대,한식,충청북도 옥천군 옥천읍 금장로 22,"순대국, 수육",,,,
662,대박집,한식,충청북도 옥천군 옥천읍 성왕로 1250,생선국밥,,,,
663,수반쭈꾸미,한식,충청북도 옥천군 옥천읍 향수1길 19-23,쭈꾸미정식,,,,
664,옥천묵집,한식,충청북도 옥천군 옥천읍 향수7길 8,묵밥,,,,
665,선광집,한식,충청북도 옥천군 청산면 지전1길 26,"생선국수, 생선튀김",,,,
666,찐한식당,한식,충청북도 옥천군 청산면 지전길 14,생선국수,,,,
667,정통의정부부대찌개,한식,충청북도 음성군 금왕읍 금일로 391,부대찌개,,,,
668,고향순대,한식,충청북도 음성군 금왕읍 음성로 1197,순대국,,,,
669,오선식당,한식,충청북도 음성군 금왕읍 초금로 740,"제육볶음, 백반",,,,
670,원조생극해장국본점,한식,충청북도 음성군 생극면 음성로 1683-1,내장탕,,,,
671,미감손칼국수,한식,충청북도 음성군 음성읍 문화길 15-1,칼국수,,,,
672,우레정,한식,충청북도 음성군 음성읍 시장로 118,두루치기,,,,
673,진명식당,한식,충청북도 음성군 음성읍 용광로 24,김치찌개,,,,
674,대림식당,한식,충청북도 음성군 읍성읍 용광로 28,순두부,,,,
675,하마가든,한식,충청북도 제천시 금성면 신담길 214-9,닭볶음탕,,,,
676,장수식당,한식,충청북도 제천시 덕산면 약초로 115,능이버섯짜글이,,,,
677,산아래,한식,충청북도 제천시 봉양읍 앞산로 174,약초쌈밥,,,,
678,미당한방막국수,한식,충청북도 제천시 봉양읍 용두대로34길 26,막국수,,,,
679,시인과농부,한식,충청북도 제천시 봉양읍 용두대로 760,곤드레밥,,,,
680,대보명가,한식,충청북도 제천시 용두대로 287,"제천약초밥상, 약초떡갈비",,,,
681,옛날순두부,한식,충청북도 제천시 중말2길 21,"두부전골, 순두부",,,,
682,시골순두부,한식,충청북도 제천시 중말8길 22,"순두부, 산초·들기름두부구이",,,,
683,미소닭갈비,한식,충청북도 제천시 청전대로15길 10,닭갈비,,,,1
684,청풍명월,한식,충청북도 제천시 청풍면 청풍호로58길 10-4,우렁쌈밥,,,,
685,우리식당,한식,충청북도 제천시 한수면 미륵송계로8길 12,자연산버섯전골,,,,
686,태화식당,한식,충청북도 증평군 증평읍 삼보로7길 33,염소탕,,,,
687,평창메밀,한식,충청북도 증평군 증평읍 삼일로 9,"막국수, 묵밥",,,,
688,보금,한식,충청북도 진천군 광혜원면 화랑5길 25,삼겹살,,,,
689,곰가내,한식,충청북도 진천군 백곡면 백곡로 835-8,쌀밥정식,,,,
690,새울목오리탕,한식,충청북도 진천군 이월면 화산동길 16,오리탕,,,,
691,근호 손칼국수,한식,충청북도 진천군 진천읍 문화로 38-1,칼국수,,,,
692,진해횟집,한식,충청북도 진천군 진천읍 백사천길 41,물회,,,,
693,청해식당,한식,충청북도 진천군 진천읍 원덕로 390,손칼국수,,,,
694,남노,한식,충청북도 진천군 진천읍 중앙동로 136,"찌개, 전골",,,,
695,사또가든,한식,충청북도 진천군 초평면 금오길 55,"붕어찜, 새뱅이찌개",,,,
696,송애집,한식,충청북도 진천군 초평면 초평로 1051-5,붕어찜,,,,
697,쌍곡자연산버섯,한식,충청북도 청원군 오창읍 구룡택지로 17,"버섯전골, 오리백숙",,,,
698,한식경,한식,충청북도 청주시 과상미로83번길 16,버섯찌개,,,,
699,서문우동,한식,충청북도 청주시 상당구 무심동로392번길 8,"우동,빵",,,,
700,경주집버섯찌개,한식,충청북도 청주시 상당구 남사로93번길 21,버섯찌개,,,,
701,쭈꾸미애,한식,충청북도 청주시 상당구 낭성면 산성로 1037,쭈꾸미덮밥,,,,
702,산동성,중식,충청북도 청주시 상당구 단재로 2364,유니짜장,,,,
703,옛길어죽,한식,충청북도 청주시 상당구 명암로 511,어죽국수,,,,
704,부부농장,한식,충청북도 청주시 상당구 문의면 대청호반로 834-1,고추장삼겹살,,,,
705,고향식당,한식,충청북도 청주시 상당구 미원면 미원시내2길 8,"올갱이해장국, 올갱이무침",,,,
706,상당집,한식,충청북도 청주시 상당구 성내로118번길 1,비지장,,,,
707,천하대장군,한식,충청북도 청주시 상당구 직지대로 817,"한방오리찜, 묵은지오리탕",,,,
708,두레,한식,충청북도 청주시 서원구 남이면 남이외천길 21,"가마구이, 생선구이",,,,
709,초가정,한식,충청북도 청주시 서원구 남이면 청남로 1403-31,청국장,,,,
710,산야초하수오삼계탕,한식,충청북도 청주시 서원구 두꺼비로70번길 85,"삼계탕, 백숙",,,,
711,개신동해장국,한식,충청북도 청주시 서원구 모충로 16,해장국,,,,
712,신흥각,한식,충청북도 청주시 서원구 사직대로201번길 9-15,꿩칼국수,,,,
713,풍차쭈꾸미,한식,충청북도 청주시 서원구 용평로113번길 23,쭈꾸미볶음,,,,
714,용궁해물칼국수,한식,충청북도 청주시 청원구 내수읍 청암로 119,해물칼국수,,,,
715,청일가든,한식,충청북도 청주시 청원구 내수읍 미원초정로 1302,오리백숙,,,,
716,타이어하우스,한식,충청북도 청주시 청원구 북이면 신대석성로 116,어죽국수,,,,
717,대추나무집,한식,충청북도 청주시 청원구 사천로18번길 5,짜글이 찌개,,,,
718,봉용불고기,한식,충청북도 청주시 청원구 중앙로 108,양념삽겹살,,,,
719,반암막국수,한식,충청북도 청주시 청원구 오창읍 성산2길 20,막국수와 닭볶음탕,,,,
720,덤블식당,한식,충청북도 청주시 청원구 향군로31번길 32,"된장찌개, 김치찌개",,,,
721,본궁석갈비,한식,충청북도 청주시 흥덕구 가포산로 197,석갈비,,,,
722,대명도리탕,한식,충청북도 청주시 흥덕구 백봉로 188-1,닭도리탕,,,,
723,우향,한식,충청북도 청주시 흥덕구 예체로 171,"불고기, 갈비탕",,,,
724,산정칡냉면,한식,충청북도 청주시 흥덕구 풍산로33번길 11,냉면,,,,
725,중앙탑메밀마당,한식,충청북도 충주시 중앙탑면 중앙탑길 103,메밀막국수,,,,
726,버드나무집,한식,충청북도 충주시 금가면 경촌1길 2,황태구이정식,,,,
727,육미천하,한식,충청북도 충주시 노은면 연화2길 10,"더덕구이, 사슴탕",,,,
728,다래식당,한식,충청북도 충주시 산척면 동산로 676,손두부 코다리찜,,,,
729,황금횟집,한식,충청북도 충주시 샘골길 13,비빔회덮밥,,,,
730,양순이네,한식,충청북도 충주시 앙성면 가곡로 953-11,가오리찜,,,,
731,실비집,한식,충청북도 충주시 엄정면 새동네1길 7-24,참매자조림,,,,
732,숲사랑,한식,충청북도 충주시 응골4길 27-18,해물닭볶음탕,,,,
733,덕산순대,한식,충청북도 충주시 충인8길 4-2,"국밥, 순대, 김치만두",,,,
734,홍콩삼겹살,한식,대전광역시 대덕구 계족산로81번길 11,삼겹살,,,,
735,초가랑,한식,대전광역시 대덕구 대청호수로1326번길 70-29,장아찌밥상,,,,
736,샘골농장,한식,대전광역시 동구 대청호수로428번길 99,"장어, 붕어찜, 매운탕",,,,
737,진수성찬,한식,대전광역시 동구 백룡로 29,백반,,,,
738,장충동할머니왕족발보쌈,한식,대전광역시 동구 백룡로75-43,"족발,막국수",,,,
739,두부요리콩밭,한식,대전광역시 동구 세천공원로 51,손두부요리 및 흑염소,,,,
740,오씨칼국수,한식,대전광역시 동구 옛신탄진로 13,"물총, 칼국수",,,,
741,원미면옥,한식,대전광역시 동구 옥천로 421,"냉면, 비빔냉면",,,,
742,소담애,한식,대전광역시 서구 계룡로509번길 45,"족발, 보쌈",,,,
743,미세노센세,퓨전,대전광역시 서구 계룡로553번안길 65,카레,,,,
744,갯벌바지락칼국수,한식,대전광역시 서구 괴정로 71-1,바지락칼국수,,,,
745,소나무풍경,한식,대전광역시 서구 괴정로116번길 42,곰탕,,,,
746,동방명주,한식,대전광역시 서구 문예로 15,"사천탕면, 짬뽕",,,,
747,문정로설렁탕,한식,대전광역시 서구 문정로 40번길 64,"설렁탕, 갈비탕",,,,
748,공주칼국수,한식,대전광역시 서구 용문로 32,"칼국수, 주꾸미구이",,,,
749,금평식당,한식,대전광역시 서구 장안로 53,"추어탕, 미꾸라지튀김",,,,
750,일당감자탕,한식,대전광역시 유성구 계룡로59번길 36,감자탕,,,,
751,궁중보쌈,한식,대전광역시 유성구 계룡로46번길 26,"족발, 보쌈",,,,
752,솔밭묵집,한식,대전광역시 유성구 관용로 51,"묵사발, 보리밥",,,,
753,산골묵집,한식,대전광역시 유성구 관용로63번길 47,"묵무침, 묵사발",,,,
754,남자만추어탕,한식,대전광역시 유성구 구룡달전로 62,추어탕,,,,
755,동해원,한식,대전광역시 유성구 궁동로번길 14,돼지고기짬뽕,,,,
756,토종칼국수,한식,대전광역시 유성구 노은서로 61,"칼국수, 족발",,,,
757,권인순갈비김치찌개,한식,대전광역시 유성구 노은서로76번길 75-5,갈비김치찌개,,,,
758,황태고을,한식,대전광역시 유성구 문화원로 153,황태진국,,,,
759,방동선촌,한식,대전광역시 유성구 성북로 64,"매운탕, 붕어찜, 선촌탕",,,,
760,신선매운탕,한식,대전광역시 유성구 성북로 74,"메기탕, 새우탕",,,,
761,수통골감나무집,한식,대전광역시 유성구 수통골로 69,오리수육,,,,
762,쌈촌오리,한식,대전광역시 유성구 지족로349번길 72,"쌈밥, 오리로스",,,,
763,신대산식당,한식,대전광역시 유성구 진잠로106번길 66,"영양탕, 삼계탕",,,,
764,한마음냉면,한식,대전광역시 유성구 진잠로70번길 41,"김치비빔면, 평양냉면",,,,
765,고향흑염소,한식,대전광역시 유성구 한밭대로 266-11,흑염소 전골,,,,
766,숯골원냉면,한식,대전광역시 유성구 현충원로 173,"냉면, 백숙",,,,
767,알밤가든,한식,대전광역시 유성구 현충원로 401-9,약오리,,,,
768,이조,한식,대전광역시 중구 당디로 12,"영양돌솥밥, 백반",,,,
769,월산본가,한식,대전광역시 중구 대종로 455,"냉면, 갈비탕",,,,
770,성심당,퓨전,대전광역시 중구 대종로480번길 15,"튀김소보로, 부추빵",,,,
771,별뜨는집,한식,대전광역시 중구 보문로162번길 66,"고등어, 갈치조림",,,,
772,반찬식당,한식,대전광역시 중구 보문산공원로 484,"보리밥, 파전",,,,
773,선화콩나물밥,한식,대전광역시 중구 선화로119번길 33,"콩나물밥, 육회",,,,
774,우리숯불꼼장어닭발,한식,대전광역시 중구 수침로 94,"숯불풍천장어, 닭발",,,,
775,원조태평소국밥,한식,대전과역시 중구 태평로 116,"소국밥, 육사시미",,,,
776,죽림,한식,세종특별자치시 금남면 바람재로 151-7,한우암소숯불구이,,,,
777,초정약수식당,한식,세종특별자치시 금남면 초정길 37,백숙,,,,
778,연비정가든,한식,세종특별자치시 금남면 초정길 69,닭볶음탕,,,,
779,산장가든,한식,세종특별자치시 연서면 도신고복로 1131-7,석갈비,,,,
780,도가네매운탕,한식,세종특별자치시 연서면 도신고복로 585,메기매운탕,,,,
781,봉서골,한식,세종특별자치시 연서면 봉암길 119-9,염소전골,,,,
782,강촌매운탕,한식,세종특별자치시 장군면 영평사길 3-30,매운탕,,,,
783,도랫말옛보리밥,한식,세종특별자치시 전의면 동신길 2,보리밥정식,,,,
784,고향맛집,한식,충청남도 계룡시 엄사면 배울길 97,동태찌게,,,,
785,진흥각,중식,충청남도 공주시 감영길 20,짬뽕,,,,
786,금강관,한식,충청남도 공주시 관광단지길 12,보리굴비,,,,
787,시골손칼국수,한식,충청남도 공주시 먹자1길 19,칼국수,,,,
788,시장정육점식당,한식,충청남도 공주시 백미고을길 10-5,"알밤육회비빔밥, 갈비탕",,,,
789,퓨전일식해상공원,한식,충청남도 공주시 백미고을길 17-14,회정식,,,,
790,매향,한식,충청남도 공주시 백미고을길 18,"맷돌평양냉면, 메밀막국수",,,,
791,곰골식당,한식,충청남도 공주시 봉황산1길 1-2,생선구이,,,,
792,인삼장어백탄구이,한식,충청남도 금산군 금산읍 군청3길 7,인삼장어,,,,
793,박가네집,한식,충청남도 금산군 금산읍 남사직6길 33,소고기,,,,
794,귀빈식당,한식,충청남도 금산군 금산읍 뒷담말길 36,청국장정식,,,,
795,토담골,한식,충청남도 금산군 금산읍 비단로 396,굴비정식,,,,
796,묵집도토리칼국수,한식,충청남도 금산군 복수면 복수로 93,묵밥,,,,
797,금산관광농원,한식,충청남도 금산군 제원면 금강로 286-8,어죽,,,,
798,골목추어탕,한식,충청남도 금산군 추부면 상마전길 9-3,추어탕,,,,
799,평매매운탕,한식,충청남도 논산시 가야곡면 산노1길 89-21,민물매운탕,,,,
800,황산식당,한식,충청남도 논산시 강경읍 옥녀봉로35번길 7,복매운탕,,,,
801,태평식당,한식,충청남도 논산시 강경읍 옥녀봉로35번길 9,복매운탕,,,,
802,천평순대,한식,충청남도 논산시 관촉로 113-7,순대국밥,,,,
803,샘골가든,한식,충청남도 논산시 광석면 논산평야로 856-6,삼계탕,,,,
804,광석집,한식,충청남도 논산시 광석면 장마루로 183-6,보신탕,,,,
805,천안문,중식,충청남도 논산시 관촉로31번길 36-1,짬뽕,,,,
806,안천매운탕,한식,충청남도 논산시 부적면 부적로 619,민물매운탕,,,,
807,신풍매운탕,한식,충청남도 논산시 부적면 신풍길 84-15,민물매운탕,,,,
808,고향식당,한식,충청남도 논산시 연산면 선비로 317,도가니탕,,,,
809,은진손칼국수,한식,충청남도 논산시 은진면 매죽헌로25번길 8,칼국수,,,,
810,태능초가집갈비,한식,충청남도 논산시 중앙로 398번길 7-7,돼지갈비,,,,
811,반월소바,일식,충청남도 논산시 해월로 132,"소바, 돈까스",,,,
812,진관삼거리식당,한식,충청남도 당진시 고대면 항곡로 321,콩국수,,,,
813,하루가,한식,충청남도 당진시 구봉로 101-98,암퇘지구이,,,,
814,김가면옥,한식,충청남도 당진시 면천면 면천로 663-11,콩국수,,,,
815,딸부자집,한식,충청남도 당진시 면천면 면천로 844-4,어죽,,,,
816,마리스포,퓨전,충청남도 당진시 무수동4길 42,쌀국수,,,,
817,제일꽃게장,한식,충청남도 당진시 백암로 246,게장백반,,,,
818,석문손짜장마을,중식,충청남도 당진시 석문면 대호로 1561-1,짬뽕,,,,
819,우렁이박사,한식,충청남도 당진시 신평면 샛터로 7-1,우렁쌈장,,,,
820,역내식당,한식,충청남도 당진시 역천로 560,"어죽, 장어",,,,
821,자연산미꾸라지,한식,충청남도 당진시 정미면 염솔로 418-1,추어탕,,,,
822,장춘닭계장,한식,충청남도 당진시 정안로 50,닭계장,,,,
823,일월굴칼국수,한식,충청남도 보령시 대청로 340,굴칼국수,,,,
824,성주별난버섯,한식,충청남도 보령시 성주면 성주산로 368-1,숫총각버섯탕,,,,
825,우리횟집,한식,충청남도 보령시 오천면 오천해안로 782-12,"회덮밥, 키조개버섯볶음",,,,
826,배다리두부촌,한식,충청남도 보령시 주교면 연지리길 334,두부전골,,,,
827,봉평산골메밀촌,한식,충청남도 보령시 주교면 울계큰길 449,막국수,,,,
828,터가든,한식,충청남도 보령시 천북면 홍보로 666,"굴밥, 굴물회, 굴전",,,,
829,3대냉면,한식,충청남도 보령시 청라면 냉풍욕장길 6,냉면,,,,
830,바닷가탕집,한식,충청남도 보령시 해안로 417,"간재미탕·무침, 도다리",,,,
831,터전,한식,충청남도 부여군 규암면 흥수로 771,"청국장, 돼지두루치기",,,,
832,왕성식당,한식,충청남도 부여군 부여읍 궁남로 6,갈치조림,,,,
833,솔내음,한식,충청남도 부여군 부여읍 나루터로 39,연잎정식,,,,
834,장원막국수,한식,충청남도 부여군 부여읍 나루터로62번길 20,막국수,,,,
835,강촌우렁이,한식,충청남도 부여군 부여읍 부장대로 38,우렁쌈밥,,,,
836,연꽃이야기,한식,충청남도 부여군 부여읍 성왕로 22,연잎덮밥,,,,
837,백제고을누룽지백숙,한식,충청남도 부여군 부여읍 정림로 96-11,누룽지백숙,,,,
838,시골통닭,한식,충청남도 부여군 부여읍 중앙로5번길 14-9,통닭,,,,
839,광명식당,한식,충청남도 부여군 외산면 무량로 192,표고버섯덮밥,,,,
840,진국집,한식,충청남도 서산시 관아문길 19-10,게국지,,,,
841,집으로횟집,한식,충청남도 서산시 대산읍 삼길포1로 165-1,아나고찌개,,,,
842,산아구,한식,충청남도 서산시 율지12길 6,"아구찜, 탕",,,,
843,향토,한식,충청남도 서산시 율지18로 18,간장 꽃게장,,,,
844,서산꽃게장,한식,충청남도 서산시 한마음5로 92,게장정식,,,,
845,영성각,중식,충청남도 서산시 해미면 남문1로 40-1,"짬뽕, 짜장면",,,,
846,읍성 뚝배기,한식,충청남도 서산시 해미면 읍성마을1길 7-7,곰탕,,,,
847,맛이나식당,한식,충청남도 서산시 해미면 읍성마을1길 16-1,돼지찌개,,,,
848,신창어죽,한식,충청남도 서산시 해미면 해운로 141,어죽,,,,
849,얼큰이칼국수,한식,충청남도 공주시 의당로 78,칼국수,,,,
850,대성식당,한식,충청남도 서천군 서면 신월길 10,쫄복탕,,,,
851,신옛집,한식,충청남도 서천군 서천읍 군청로 8,생선구이,,,,
852,민속회관,한식,충청남도 서천군 서천읍 충절로29번길 22,백반,,,,
853,경남식당,한식,충청남도 서천군 장항읍 장산로 304-11,대구탕,,,,
854,진미식당,한식,충청남도 서천군 판교면 종판로 885,"콩국수, 막국수",,,,
855,행운식당,한식,충청남도 서천군 한산면 한산모시길 46,홍어찌개,,,,
856,금강식당,한식,충청남도 서천군 화양면 옥포길8번길 5,우어회백반,,,,
857,식탁,한식,충청남도 아산시 번영로 113-1,오삼불고기,,,,
858,붕어마을,한식,충청남도 아산시 송악면 송악로 647,붕어찜,,,,
859,카페 브리드,카페,충청남도 아산시 신정로 486,앙버터,,,,
860,연춘식당,한식,충청남도 아산시 신정호길 67,장어구이,,,,
861,북한강쭈꾸미,한식,충청남도 아산시 신창면 신정호길 266,쭈꾸미,,,,
862,미성삼색장어,한식,충청남도 아산시 염치읍 방현서길 2,어죽,,,,
863,옴팡집추어탕,한식,충청남도 아산시 온주길16번길 29-4,추어탕,,,,
864,원조음봉할머니집,한식,충청남도 아산시 음봉면 음봉면로 35,삼계탕,,,,
865,향촌칼국수,한식,충청남도 아산시 충무로42번길 9,칼국수,,,,
866,방가삼대뼈얼큰한뼈해장국,한식,충청남도 아산시 탕정면 삼성로 520-9,특뼈다귀해장국,,,,
867,고덕갈비,한식,충청남도 예산군 덕산면 덕산온천로 371-8,소갈비구이,,,,
868,양어장집,한식,충청남도 예산군 대흥면 신속대야로 32,"메기조림, 탕",,,,
869,산마루가든,한식,충청남도 예산군 대흥면 예당긍모로 406,어죽,,,,
870,삽교소머리국밥,한식,충청남도 예산군 삽교읍 두리3길 50-4,국밥,,,,
871,두꺼비식당,한식,충청남도 예산군 삽교읍 삽교로 80,옛날전통국밥,,,,
872,할머니곱창,한식,충청남도 예산군 삽교읍 삽교로 221,돼지곱창,,,,
873,동흥대반점,중식,충청남도 예산군 예산읍 예산로 220-1,짜장면,,,,
874,향천집,한식,충청남도 예산군 예산읍 향천사로 129,엄나무닭,,,,
875,월척오리,한식,충청남도 예산군 응봉면 예당로 1079,오리주물럭,,,,1
876,박속황태칼국수,한식,충청남도 예산군 응봉면 충서로 245,열무막국수,,,,
877,내고향칼국수,한식,충청남도 천안시 동남구 광덕면 신흥리2길 60,칼국수,,,,1
878,만나식당,한식,충청남도 천안시 동남구 목천읍 동평3길 194,"청국장, 콩비지",,,,
879,박순자아우내순대,한식,충청남도 천안시 동남구 병천면 아우내순대길 47,"순대, 순대국밥",,,,
880,장수촌,한식,충청남도 천안시 동남구 샛골길 1-6,오리누룽지백숙,,,,
881,만나식당,한식,충청남도 천안시 동남구 원성25길 11,명태찌개,,,,
882,궁전해물칼국수,한식,충청남도 천안시 동남구 원성2교길 21-1,칼국수,,,,
883,자매곱창청당점,한식,충청남도 천안시 동남구 청수6로 35-12,소곱창,,,,
884,뚜쥬루 빵돌가마마을 / 뚜쥬르과자점빵돌가마점,카페,충청남도 천안시 동남구 풍세로 706,"돌가마만주, 거북이빵",,,,
885,시골집얼큰한뼈해장국,한식,충청남도 천안시 서북구 봉정로 168-3,뼈다귀해장국,,,,
886,삼보어죽 본점 / 삼보삼색장어,한식,충청남도 천안시 서북구 서부8길 40,보양어죽,,,,
887,이모네매운탕,한식,충청남도 천안시 서북구 입장면 성진로 1169,"민물새우매운탕, 민물새우튀김",,,,
888,용천가든,한식,충청남도 천안시 서북구 입장면 성진로 637,김치찌개,,,,
889,남양식당,한식,충청남도 청양군 남양면 만수로 1610,오리백숙,,,,
890,송림회관,한식,충청남도 청양군 남양면 만수로 1778,돼지갈비,,,,
891,까치내흥부가든,한식,충청남도 청양군 대치면 사수터길 115-8,"참게매운탕, 쏘가리매운탕",,,,
892,장수명가,한식,충청남도 청양군 대치면 칠갑산로 955,한방오리백숙,,,,
893,바닷물손두부,한식,충청남도 청양군 대치면 한티고개길 1,"구기자청국장, 바닷물손두부",,,,
894,고향촌,한식,충청남도 청양군 비봉면 은골길 1,황태찌개,,,,
895,작은농원,한식,충청남도 청양군 비봉면 중묵운곡로 51-60,옻닭,,,,
896,양명식당,한식,충청남도 청양군 비봉면 충절로 1991,"아욱된장국, 청국장, 복탕",,,,
897,자매곱창,한식,충청남도 청양군 운곡면 청신로 851-1,"곱창구이, 갈매기살",,,,
898,우렁각시쌈밥,한식,충청남도 청양군 운곡면 청신로 858,"우렁된장찌개, 우렁쌈밥, 우렁무침",,,,
899,소담정,한식,충청남도 청양군 청양읍 중앙로 171-6,매운갈비찜,,,,
900,돌순네부대찌개,한식,충청남도 청양군 청양읍 중앙로 76,"부대찌개, 뼈다귀감자전골",,,,
901,한국음식,한식,충청남도 청양군 청양읍 중앙로13길 1,사골떡국,,,,
902,오미식당,한식,충청남도 청양군 청양읍 중앙로9길 4,순두부백반,,,,
903,한가네어죽,한식,충청남도 청양군 청양읍 중앙로열길 18,뚝배기어죽,,,,
904,별장&봄 / 별장가든,한식,충청남도 청양군 청양읍 충절로 1494,구기자갈비전골,,,,
905,구미식당,한식,충청남도 청양군 청양읍 칠갑산로 225,"아구찜, 아구탕",,,,
906,두레박,한식,충청남도 청양군 청양읍 칠갑산로4길 25,"묵은지등갈비찜, 능이백숙",,,,
907,유연숙매운탕,한식,충청남도 청양군 청양읍 칠갑산로5길 9-1,"미꾸라지, 메기, 새우, 빠가 매운탕, 미꾸라지튀김",,,,
908,카페858,카페,충청남도 태안군 고남면 월고지길 8-58,"858브런치, 모히또",,,,
909,장현각,한식,충청남도 태안군 근흥면 연포2길 71,굴짬뽕,,,,
910,인생버거,양식,충청남도 태안군 소원면 파도길 63-6,수제버거,,,,
911,트레블브레이크커피,카페,충청남도 태안군 안면읍 등마루1길 125,"트레블브레이크커피, 로스트 비프 피자",,,,
912,원풍식당,한식,충청남도 태안군 원북면 원이로 841-1,박속밀국낙지탕,,,,
913,영일식관,한식,충청남도 태안군 이원면 원이로 1559,우럭젓국,,,,
914,대우식당,한식,충청남도 태안군 태안읍 군청8길 42-4,돌솥밥,,,,
915,향토꽃게장,한식,충청남도 태안군 태안읍 능샘1길 44,"꽃게장, 우럭젓국",,,,
916,안흥식당,한식,충청남도 태안군 태안읍 정주내2길 15,아나고스끼야끼,,,,
917,종가집,한식,충청남도 태안군 태안읍 안면대로 171-7,묵은지닭볶음탕,,,,
918,홍두깨칼국수,한식,충청남도 태안군 태안읍 정주내2길 1,해물칼국수,,,,
919,김가네볼태기,한식,충청남도 홍성군 갈산면 갈산로150번길 10,볼태기해장국,,,,
920,유진식당,한식,충청남도 홍성군 광천읍 광천로273번길 19,갈비탕,,,,
921,향숙이네,한식,충청남도 홍성군 문화로 140-5,아나고탕,,,,
922,갯마을회센타,한식,충청남도 홍성군 서부면 서부서길418번길 49,"새조개, 대하",,,,
923,보령참숯갈비,한식,충청남도 홍성군 홍성읍 충서로1318번길 19-17,돼지갈비,,,,
924,산울림,한식,충청남도 홍성군 홍북면 이응노로 255,두부요리,,,,
925,돼지한근,한식,충청남도 홍성군 홍북읍 애향4길 21,삼겹살,,,,
926,오누이식당,한식,충청남도 홍성군 홍성읍 내포로156번길 26,만두전골,,,,
927,대화반점,중식,충청남도 홍성군 홍성읍 조양로120번길 17,"자장면, 짬뽕",,,,
928,충무집,한식,충청남도 홍성군 홍성읍 의사로51번길 52,칼국수,,,,
929,홍흥집,한식,충청남도 홍성군 홍성읍 홍성천길 242,국밥,,,,
930,모양성순두부,한식,전라북도 고창군 고창읍 동리로 133-13,순두부,,,,
931,길뜨락,한식,전라북도 고창군 고창읍 상원사길 1-6,한방오리누룽지백숙,,,,
932,고창선운산풍천장어,한식,전라북도 고창군 고창읍 월곡8길 5,장어구이,,,,
933,전주회관,한식,전라북도 고창군 부안면 복분자로 897,"참게장, 굴밥",,,,
934,정자나무횟집,한식,전라북도 고창군 상하면 구시포해변길 135,쭈꾸미,,,,
935,오복식당,한식,전라북도 고창군 성내면 근촌로 3,"냉면, 갈비탕",,,,
936,우정회관,한식,전라북도 고창군 심원면 심원로 196,간장게장,,,,
937,수궁회관,한식,전라북도 고창군 심원면 심원로 218,굴밥정식,,,,
938,해주가든,한식,전라북도 고창군 아산면 선운대로 2781,"장어구이, 장어누룽지",,,,
939,서원반점,중식,전라북도 군산시 구시장로 63,짬뽕,,,,
940,안젤라분식,한식,전라북도 군산시 구영5길 118-14,"잡채, 김밥",,,,
941,지린성,중식,전라북도 군산시 미원로 87,짬뽕,,,,
942,두메골,한식,전라북도 군산시 백토로 284-20,보리밥,,,,
943,강촌마을,한식,전라북도 군산시 성산면 철새로 90,우렁쌈밥,,,,
944,이성당,양식,전라북도 군산시 중앙로 177,"팥빵, 야채빵",,,,
945,금강꽃게장,한식,전라북도 군산시 진포로 210,간장게장,,,,
946,비행장부대찌개,한식,전라북도 군산시 하나운안2길 14,부대찌개,,,,
947,원평지평선청보리한우촌,한식,전라북도 김제시 금산면 모악로 17,"육회비빔밥, 꽃등심",,,,
948,촌집,한식,전라북도 김제시 금산면 금산사로 561,낙지볶음,,,,
949,풍경가든,한식,전라북도 김제시 백산면 하정2길 221,흑임자오리탕,,,,
950,한우정,한식,전라북도 김제시 벽지산로 317,소머리국밥,,,,
951,대흥각,중식,전라북도 김제시 검산택지1길 29,매운짬뽕,,,,
952,친구사이,한식,전라북도 김제시 신풍동 도작로 93,백반,,,,
953,광주집,한식,전라북도 김제시 요촌동 남북12길 59,복탕,,,,
954,콩사랑뚜부장수,한식,전라북도 김제시 요촌동 요촌중4길 47-11,콩국수,,,,
955,백제삼계탕,한식,전라북도 김제시 요촌서1길 46-8,삼계탕,,,,
956,이가네국수학교,한식,전라북도 김제시 요촌서길 30,국수,,,,
957,임도령남원추어탕,한식,전라북도 김제시 요촌중2길 19,"추어탕, 돈까스",,,,
958,뒷고기,한식,전라북도 김제시 요촌중4길 39-21,"특수부위고기 / 항정상, 꽃살, 소막창",,,,
959,새암골,한식,전라북도 김제시 진봉면 가실5길 82,새우탕,,,,
960,홍미경가든&해장국,한식,전라북도 김제시 하공로 433-123,묵은지닭볶음탕,,,,
961,은빛가든,한식,전라북도 김제시 하흥로 468-12,메기매운탕,,,,
962,유성매운탕,한식,전라북도 남원시 고샘길 104,어탕,,,,
963,종가,한식,전라북도 남원시 고샘길 57,한정식,,,,
964,달궁식당,한식,전라북도 남원시 산내면 지리산로 311,직화흑돼지구이,,,,
965,산촌가든,한식,전라북도 남원시 양림길 48-7,능이오리한방백숙,,,,
966,새집추어탕,한식,전라북도 남원시 천거길 9,추어탕,,,,
967,동막골,한식,전라북도 남원시 요천로 1537,돼지갈비,,,,
968,현식당,한식,전라북도 남원시 의총로 8,추어탕,,,,
969,굴세상,한식,전라북도 남원시 충정로 123-9,굴국밥,,,,
970,천지가든,한식,전라북도 무주군 무주읍 괴목로 1313,한정식,,,,
971,섬마을,한식,전라북도 무주군 무주읍 내도로 126,"빠가어죽, 도리뱅뱅이",,,,
972,금강식당,한식,전라북도 무주군 무주읍 단천로 102,"어죽, 쏘가리탕",,,,
973,반디어촌,한식,전라북도 무주군 무주읍 장터로 2,"어탕국수, 도리뱅뱅이",,,,
974,금강산,한식,전라북도 무주군 무풍면 대덕산로 931-5,아뽈탕,,,,
975,천마루,한식,전라북도 무주군 안성면 장무로 1730,"해물갈비짬뽕, 머루소스탕수육",,,,
976,포마횟집 (포장판매만 함),한식,전라북도 부안군 계화면 간재로 447,우럭막회,,,,
977,옛맛촌가든,한식,전라북도 부안군 동진면 동진남로 294,"메기탕, 쏘가리탕",,,,
978,원추어탕,한식,전라북도 부안군 동진면 동진로 37,추어탕,,,,
979,호박가든,한식,전라북도 부안군 동진면 청운길 6-1,닭볶음탕,,,,
980,변산명인바지락죽,한식,전라북도 부안군 변산면 변산해변로 794,바지락죽,,,,
981,영전식당,한식,전라북도 부안군 보안면 영전길 9,복탕,,,,
982,신생반점,중식,전라북도 부안군 부안읍 낭주길 7,"짬뽕, 짜장",,,,
983,당산마루,한식,전라북도 부안군 부안읍 당산로 71,한정식,,,,
984,천하일미,한식,전라북도 부안군 부안읍 수정길 14-1,김치찌개,,,,
985,주산식당,한식,전라북도 부안군 부안읍 부풍로 63-1,육회비빔밥,,,,
986,다미락,일식,전라북도 부안군 부안읍 수정길 7,초밥,,,,
987,청록가든,한식,전라북도 부안군 부안읍 시장1길 5-1,민물매운탕,,,,
988,변산횟집,한식,전라북도 부안군 부안읍 시장1길 6-9,"회, 매운탕",,,,
989,구암농원,한식,전라북도 부안군 상서면 고인돌로 325,오리불락,,,,
990,남경반점,중식,전라북도 부안군 줄포면 줄포6길 1,짬짜면,,,,
991,제주쌈밥,한식,전라북도 부안군 줄포면 줄포길 67,쌈밥,,,,
992,칠산꽃게장,한식,전라북도 부안군 진서면 청자로 906,꽃게간장게장,,,,
993,할매피순대,한식,전라북도 부안군 행안면 부안로 2524,순대국밥,,,,
994,방축리토종순대,한식,전라북도 순창군 금과면 방축1길 7-1,순대국,,,,
995,늘,한식,전라북도 순창군 복흥면 가인로 638,한정식,,,,
996,화덕갈비장어,한식,전라북도 순창군 순창읍 순창로 167,화덕갈비,,,,
997,감나무골,한식,전라북도 순창군 유등면 담순로 1674-10,흑염소탕,,,,
998,오복식당,한식,전라북도 완주군 경천면 대둔산로 217,백반,,,,
999,한양회관,한식,전라북도 완주군 고산면 고산로 81,육회비빕밥,,,,
1000,고산미소,한식,전라북도 완주군 고산면 남봉로 135,육회비빔밥,,,,
1001,소문난집,한식,전라북도 완주군 구이면 구이로 1512-6,백반,,,,
1002,둥구나무집,한식,전라북도 완주군 봉동읍 봉동동서로 179,매운탕,,,,
1003,진소바,한식,전라북도 완주군 봉동읍 봉동로 365,소바,,,,
1004,돈들막,한식,전라북도 완주군 비봉면 천호로 554,염소영양탕,,,,
1005,송광순두부,한식,전라북도 완주군 소양면 송광수만로 26,백탕순두부,,,,
1006,원조화심두부,한식,전라북도 완주군 소양면 전진로 1066,"화심손두부, 두부도넛",,,,
1007,대왕가든,한식,전라북도 완주군 용진면 구억명덕로 11,소곱창전골,,,,
1008,현대식당,한식,전라북도 완주군 용진읍 순지1길 5,백반,,,,
1009,전주식당,한식,전라북도 완주군 운주면 장선로 125,백반,,,,
1010,번지농장돌판아구찜 본점,한식,전라북도 완주군 화산면 화산남로 218-83,아구찜,,,,
1011,월궁가든,한식,전라북도 완주군 화산면 화산로 795,추어탕,,,,
1012,너더리장터순대,한식,전라북도 완주군 화산면 화산로 960,순대국밥,,,,
1013,한일정,한식,전라북도 익산시 고현로 10,한일정정식,,,,
1014,풍성제과,카페,전라북도 익산시 서동로 103,옥수수식빵,,,,
1015,사절리닭집,한식,전라북도 익산시 오산면 항쟁로 191-1,닭볶음탕,,,,
1016,오늘은짬뽕,중식,전라북도 익산시 하나로10길 62-18,짬뽕,,,,
1017,태백칼국수,한식,전라북도 익산시 중앙로 15-5,칼국수,,,,
1018,고려당,일식,전라북도 익산시 중앙로 52,"소바, 만두",,,,
1019,정순순대,한식,전라북도 익산시 중앙로1길 24-9,순대국,,,,
1020,서해명가,한식,전라북도 익산시 중앙로5길 20,산우럭탕,,,,
1021,싱그랭이,한식,전라북도 익산시 춘포면 춘포로 331,칼국수,,,,
1022,삼양웰빙순대,한식,전라북도 익산시 평동로13길 18,막창전골,,,,
1023,함라산황토가든,한식,전라북도 익산시 함라면 백제로 638,오리주물럭,,,,
1024,다가포가든,한식,전라북도 익산시 현영길 40-28,갈매기살김치찌깨,,,,
1025,한일식당,한식,전라북도 익산시 황등면 황등로 106,"한우갈비전골, 육회비빔밥",,,,
1026,진미식당,한식,전라북도 익산시 황등면 황등로 158,육회비빔밥,,,,
1027,초원장,한식,전라북도 임실군 관촌면 사선2길 46-14,매운탕,,,,
1028,수궁반점,중식,전라북도 임실군 신평면 석등슬치로 351,짬뽕,,,,
1029,고려당분식,한식,전라북도 임실군 임실읍 봉황8길 8,떡만두국,,,,
1030,갈마가든,한식,전라북도 임실군 임실읍 호국로 1880-5,통오리구이,,,,
1031,시골쌀밥영양돌솥밥,한식,전라북도 장수군 계남면 장수로 3061,돌솥밥,,,,
1032,토옥동송어횟집,한식,전라북도 장수군 계북면 양악리 3-1,송어회,,,,
1033,일두백미,한식,전라북도 장수군 장수읍 장천로 199,육회비빔밥,,,,
1034,북경돼지짬뽕,중식,전라북도 장수군 장수읍 호비로 37,짬뽕,,,,
1035,먹으러회관,한식,전라북도 장수군 천천면 송탄4길 8-12,어죽,,,,
1036,영광분식,한식,전라북도 장수군 천천면 춘송길 13,다슬기수제비,,,,
1037,고산촌,한식,전라북도 전주시 덕진구 건산로 289,"한우, 숯불구이",,,,
1038,이연국수,한식,전라북도 전주시 덕진구 견훤왕궁로 286-3,"잔치국수, 비빔국수",,,,
1039,감로헌,한식,전라북도 전주시 덕진구 권삼득로 247,약선밥상,,,,
1040,금암피순대,한식,전라북도 전주시 덕진구 기린대로 400-61,순대국밥,,,,
1041,옥경이네 다슬기탕,한식,전라북도 전주시 덕진구 기린대로 523,다슬기탕,,,,
1042,겐돈소바 본점,한식,전라북도 전주시 덕진구 동가재미3길 50,메밀국수,,,,
1043,해이루 전북대본점,한식,전라북도 전주시 덕진구 명륜5길 9,"뚝배기감자탕, 감자탕전골",,,,
1044,진미반점,중식,전라북도 전주시 덕진구 명주3길 19-2,"된장짜장, 된장짬뽕",,,,
1045,순창장군목다슬기,한식,전라북도 전주시 덕진구 명주6길 14-23,다슬기탕,,,,
1046,벽계가든,한식,전라북도 전주시 덕진구 백제대로 524,"갈비, 냉면, 생고기",,,,
1047,봉이설렁탕,한식,전라북도 전주시 덕진구 백제대로 576,"설렁탕, 곰탕",,,,
1048,남원골추어탕,한식,전라북도 전주시 덕진구 석소5길 33-17,추어탕,,,,
1049,농부가,한식,전라북도 전주시 덕진구 석소5길 5,"정식, 한우불낙전골",,,,
1050,호성순대 본점,한식,전라북도 전주시 덕진구 소리로 205,"피순대, 순대국밥",,,,
1051,백세곰탕,한식,전라북도 전주시 덕진구 송천중앙로 100,곰탕,,,,
1052,족보설렁탕,한식,전라북도 전주시 덕진구 송천중앙로 25,"설렁탕, 곰탕",,,,
1053,고궁 전주본점,한식,전라북도 전주시 덕진구 송천중앙로 33,육회비빔밥,,,,
1054,원조진안흑돼지,한식,전라북도 전주시 덕진구 정언신로 173-1,돼지불고기,,,,
1055,군산아구탕,한식,전라북도 전주시 덕진구 조경단로 100,"아구탕, 아구찜",,,,
1056,태평집,한식,전라북도 전주시 덕진구 조경단로 3-6,"메밀국수, 콩국수",,,,
1057,가운데집,한식,전라북도 전주시 덕진구 추천로 171,양념족발,,,,
1058,김판쇠전주우족탕,한식,전라북도 전주시 덕진구 태진로 132,"우족탕, 갈비탕",,,,
1059,호성고기마을,한식,전라북도 전주시 덕진구 호성2길 7-8,매운양푼갈비,,,,
1060,베테랑칼국수,한식,전라북도 전주시 완산구 경기전길 135,"칼국수, 만두, 쫄면",,,,
1061,경기전중앙숯불,한식,전라북도 전주시 완산구 풍남동3가 80-1,"쇠고기, 안창살",,,,
1062,서신동한방족발,한식,전라북도 전주시 완산구 고사평4길 22,족발,,,,
1063,펄펄닭내장,한식,전라북도 전주시 완산구 공북로 100,"닭내장탕, 돼지갈비",,,,
1064,태평진미집,한식,전라북도 전주시 완산구 공북로 69,고추장연탄구이불고기,,,,
1065,오원집 본점,한식,전라북도 전주시 완산구 공북로 82,"연탄불돼지구이, 가락국수",,,,
1066,이래면옥,한식,전라북도 전주시 완산구 동문길 103,"냉면, 평양만두",,,,
1067,전주왱이콩나물국밥전문점,한식,전라북도 전주시 완산구 동문길 88,"콩나물국밥, 모주",,,,
1068,동문원콩나물국밥,한식,전라북도 전주시 완산구 동문길 91,"콩나물국밥, 비빔밥",,,,
1069,이모갈비전골,한식,전라북도 전주시 완산구 동문길 81-3,물갈비,,,,
1070,모악골,한식,전라북도 전주시 완산구 맏내3길 9,삼계탕,,,,
1071,수정관,중식,전라북도 전주시 완산구 문화광장로 18,"짜장면, 잡탕밥, 물짜장",,,,
1072,명랑불고기,한식,전라북도 전주시 완산구 문화광장로 29,돼지불고기,,,,
1073,효자동아귀찜,한식,전라북도 전주시 완산구 바우배기2길 23,"아귀찜, 돈가스",,,,
1074,연와미당,한식,전라북도 전주시 완산구 백제대로 128,"소고기구이, 갈비탕",,,,
1075,다래면옥,한식,전라북도 전주시 완산구 백제대로 402,"냉면, 평양왕만두",,,,
1076,목포홍어횟집,한식,전라북도 전주시 완산구 산월1길 13,삼합,,,,
1077,약수터원조감자탕,한식,전라북도 전주시 완산구 서학로 19,감자탕,,,,
1078,미가옥 본가,한식,전라북도 전주시 완산구 소태정3길 5-4,콩나물국밥,,,,
1079,동원순대집,한식,전라북도 전주시 완산구 쑥고개로 391,순대국밥,,,,
1080,외할머니솜씨,한식,전라북도 전주시 완산구 오목대길 81-8,흑임자팥빙수,,,,
1081,리스토란테 콜리 효자점,양식,전라북도 전주시 완산구 유연로 170,버섯파스타,,,,
1082,덕암청국장,한식,전라북도 전주시 완산구 장자길 67,"청국장, 삼계탕",,,,
1083,해태바베큐,한식,전라북도 전주시 완산구 전동성당길 13,닭바비큐,,,,
1084,가족회관,한식,전라북도 전주시 완산구 전라감영5길 17,"전주비빔밥, 정식",,,,
1085,시골촌,한식,전라북도 전주시 완산구 전주객사2길 12-1,"삼겹살, 닭도리탕",,,,
1086,효자문식당,한식,전라북도 전주시 완산구 전주객사4길 43-24,"갈비탕, 우두탕",,,,
1087,초만원식당,한식,전라북도 전주시 완산구 전주객사4길 43-4,갈비탕,,,,
1088,향리,한식,전라북도 전주시 완산구 전주객사5길 83,병어찌개,,,,
1089,서울회관,한식,전라북도 전주시 완산구 전주객사5길 99,백반,,,,
1090,메르밀진미집 본점,한식,전라북도 전주시 완산구 전주천동로 94,"메밀국수, 콩국수",,,,
1091,사람사는세상,한식,전라북도 전주시 완산구 중산10길 16-4,막걸리,,,,
1092,고향숯불에구운족발보쌈 전북본점,한식,전라북도 전주시 완산구 중화산로 29,족발,,,,
1093,호림이네,한식,전라북도 전주시 완산구 춘향로 5152,다슬기돌솥밥,,,,
1094,수제왕돈까스 경원점,일식,전라북도 전주시 완산구 충경로 84,돈까스,,,,
1095,PNB풍년제과 본점,퓨전,전라북도 전주시 완산구 팔달로 180,수제초코파이,,,,
1096,노벨반점,중식,전라북도 전주시 완산구 풍남문2길 100,물짜장,,,,
1097,행원,한식,전라북도 전주시 완산구 풍남문3길 12,전통차,,,,
1098,전일갑오,한식,전라북도 전주시 완산구 현무2길 16,"가게맥주, 갑오징어",,,,
1099,백일홍찐빵만두,한식,전라북도 전주시 완산구 현무2길 67,"찐빵, 만두",,,,
1100,반야돌솥밥,한식,전라북도 전주시 완산구 홍산1길 6,반야돌솥밥,,,,
1101,현대옥 전주본점,한식,전라북도 전주시 완산구 화산천변2길 7-4,"콩나물국밥, 돼지국밥",,,,
1102,국화회관,한식,전라북도 정읍시 서부로 22,우렁이쌈밥,,,,
1103,아양촌해물칼국수,한식,전라북도 정읍시 송산1길 25,칼국수,,,,
1104,양자강,중식,전라북도 정읍시 우암로 57,비빔짬뽕,,,,
1105,찌어이쌀국수,퓨전,전라북도 정읍시 중앙1길 109,쌀국수,,,,
1106,모두랑쌍화탕,카페,전라북도 정읍시 중앙1길 148,쌍화차,,,,
1107,정촌식당,한식,전라북도 정읍시 중앙1길 169,한정식,,,,
1108,일력,한식,전라북도 정읍시 중앙1길 63,소바,,,,
1109,솜씨만두,한식,전라북도 정읍시 중앙로 162,군만두,,,,
1110,보안식당,한식,전라북도 정읍시 중앙로 95,팥칼국수,,,,
1111,뚝방가든,한식,전라북도 정읍시 칠보면 칠보중앙로 103-31,민물매운탕,,,,
1112,구절재휴게소가든,한식,전라북도 정읍시 칠보면 태산로 2027,다슬기칼국수,,,,
1113,대일정,한식,전라북도 정읍시 태인면 수학정석길 3,참게장정식,,,,
1114,백학정,한식,전라북도 정읍시 태인면 태인로 29-3,참게장백반,,,,
1115,제이엘제과점,카페,전라북도 정읍시 학산로 120,마늘빵,,,,
1116,벚꽃마을,한식,전라북도 진안군 마령면 마이산남로 209,등갈비,,,,
1117,마이담,한식,전라북도 진안군 부귀면 전진로 1947,홍삼시래기밥,,,,
1118,부뚜막,한식,전라북도 진안군 안천면 진무로 2744-12,어제비,,,,
1119,월평댁,한식,전라북도 진안군 정천면 석원로 151,어탕,,,,
1120,그곳에쭈꾸미,한식,전라북도 진안군 진안읍 진무로 1030,쭈꾸미볶음,,,,
1121,산촌농원,한식,광주광역시 광산구 고봉로 427-8,"추어탕, 백숙, 토끼탕(겨울)",,,,
1122,송정떡갈비 1호점,한식,광주광역시 광산구 광산로29번길 1,떡갈비,,,,
1123,완도바다생태한마리,한식,광주광역시 광산구 목련로394번길 39-13,동태탕,,,,
1124,비아꽃게장,한식,광주광역시 광산구 비아동원촌길 71,꽃게장,,,,
1125,행복한임금님수완점 ,한식,광주광역시 광산구 왕버들로 113-2,한정식,,,,
1126,첨단한우돌곱창,한식,광주광역시 광산구 첨단중앙로152번길 5-10,곱창구이,,,,
1127,명화식육식당 ,한식,광주광역시 광산구 평동로 421,"애호박찌개, 삼겹살 ",,,,
1128,해궁 ,한식,광주광역시 광산구 풍영로229번길 53,"전복구이, 전복삼계탕 ",,,,
1129,앵무동,한식,광주광역시 남구 봉선로79번길 2,"소고기낙지탕탕이, 키조개삼합",,,,
1130,남구식당,한식,광주광역시 남구 행암길 12,"영양탕, 오리탕, 추어탕",,,,
1131,산수쌈밥 동명점,한식,광주광역시 동구 동계로 11,우렁이쌈밥정식,,,,
1132,할매추어탕,한식,광주광역시 동구 구성로 269,추어탕,,,,
1133,하늘샘,한식,광주광역시 동구 지원로5번길 3,메기탕,,,,
1134,영미오리탕,한식,광주광역시 북구 경양로 126,오리탕,,,,
1135,일송정,한식,광주광역시 북구 금남로132번길 12-9,한정식,,,,
1136,다연정식,한식,광주광역시 북구 비엔날레로 183-5,굴비정식,,,,
1137,장가네생태탕,한식,광주광역시 북구 설죽로217번길 3,낙지탕탕이,,,,
1138,맛있는감자탕닭도리탕,한식,광주광역시 북구 용주로 30번길 94,감자탕,,,,
1139,연화식당,한식,광주광역시 서구 마륵복개로 147,육전,,,,
1140,진도예가,한식,광주광역시 서구 마륵복개로 53,코스요리,,,,
1141,테이트모던,퓨전,광주광역시 서구 상무대로673번길 24,"샐러드, 브런치",,,,
1142,오리요리명가27년 ,한식,광주광역시 서구 상무오월로43번길 3-12,오리한방백숙 ,,,,
1143,고기장터,한식,광주광역시 서구 상무중앙로 103,삼겹살,,,,
1144,홍애집,한식,광주광역시 서구 운천로 160,홍어요리,,,,
1145,머시기쪽갈비생족발구이 쌍촌본점,한식,광주광역시 서구 월드컵4강로181번길 31,쪽갈비,,,,
1146,제주도세기마을 본점,한식,광주광역시 서구 풍금로177번길 9,흑돼지 오겹살,,,,
1147,황하호연,한식,광주광역시 서구 풍금로4번길 9-2,마라탕,,,,
1148,제주통아구찜,한식,광주광역시 서구 하남대로734번길 1,아구찜,,,,
1149,찬이네칼국수팥죽전문점,한식,광주광역시 서구 화정로 249-1,바지락칼국수,,,,
1150,예향,한식,전라남도 강진군 강진읍 보은로3길 11-1,한정식,,,,
1151,모란추어탕,한식,전라남도 강진군 강진읍 탑동길 5,추어탕,,,,
1152,석문정,한식,전라남도 강진군 도암면 백도로 2059-7,회춘탕,,,,
1153,거북횟집,한식,전라남도 강진군 마량면 미항로 139-1,"전어구이, 매운탕",,,,
1154,청자골회타운,한식,전라남도 강진군 마량면 미항로 173-1,생선회,,,,
1155,수인관,한식,전라남도 강진군 병영면 병영성로 107-10,돼지불고기백반,,,,1
1156,관산식당,한식,전라남도 고흥군 고흥읍 고흥로 1896,냉면,,,,
1157,한솔회마트,한식,전라남도 고흥군 고흥읍 서문여산길 50,생선회,,,,
1158,삼이야식,한식,전라남도 고흥군 고흥읍 학교길 70,닭볶음탕,,,,
1159,동방기사식당,한식,전라남도 고흥군 과역면 고흥로 2921,삼겹살백반,,,,
1160,송학산장,한식,전라남도 고흥군 과역면 과역로 890-16,국밥,,,,
1161,득량식당,한식,전라남도 고흥군 도양읍 목넘가는길 20,장어탕,,,,
1162,해변식당,한식,전라남도 고흥군 도양읍 비봉로 159,백반,,,,
1163,mkr coffee,카페,전라남도 고흥군 도양읍 비봉로 177,커피,,,,
1164,다정통닭,한식,전라남도 고흥군 두원면 고흥로 2805-23,백숙,,,,
1165,고센,한식,전라남도 고흥군 포두면 우주로 835,보리밥,,,,
1166,오가네붕어찜,한식,전라남도 곡성군 곡성읍 곡성로 782,민물매운탕,,,,
1167,청이돈가스,일식,전라남도 곡성군 곡성읍 곡성로 852,돈까스,,,,
1168,곡성한일순대국밥,한식,전라남도 곡성군 곡성읍 읍내리 218,순대국밥,,,,
1169,순수한우명품관,한식,전라남도 곡성군 곡성읍 곡성로 856,갈비탕,,,,
1170,큰손탕집,한식,전라남도 곡성군 곡성읍 읍내17길 11,김치찌개,,,,
1171,고향숯불갈비,한식,전라남도 곡성군 곡성읍 학교로 155,돼지갈비,,,,
1172,학림정,한식,전라남도 곡성군 곡성읍 학정1길 9-21,닭곰탕,,,,
1173,명성호수산장,한식,전라남도 곡성군 오곡면 오죽로 1777,"능이오리,닭백숙",,,,
1174,옥과한우촌,한식,전라남도 곡성군 오산면 오산로 983,꽃등심,,,,
1175,새수궁가든,한식,전라남도 곡성군 죽곡면 섬진강로 1015-2,참게메기탕,,,,
1176,장원회관,한식,전라남도 광양시 광양읍 매천로 821-5,숯불고기,,,,
1177,지곡산장 ,한식,전라남도 광양시 광양읍 서북로 59,토종닭숯불구이 ,,,,
1178,오미정,한식,전라남도 광양시 광양읍 와룡1길 10,오리불고기,,,,
1179,솔마루떡갈비,한식,전라남도 광양시 광양읍 제철로 515,떡갈비,,,,
1180,갯마을장어,한식,전라남도 광양시 길호4길 18,"장어탕,서대회",,,,
1181,신원반점,중식,전라남도 광양시 다압면 섬진강매화로 1205,짜장면,,,,
1182,옛고을그향기,한식,전라남도 광양시 발섬4길 17-6,한정식 ,,,,
1183,이모네아구찜,한식,전라남도 광양시 영수길 148,아구탕,,,,
1184,미가도 ,한식,전라남도 광양시 오류5길 35,"메기구이, 메기탕 ",,,,
1185,구다리식당,한식,전라남도 광양시 옥곡면 명주로 2,메기매운탕,,,,
1186,백년옥,한식,전라남도 광양시 옥룡면 상산길 15,손두부,,,,
1187,푸른산장 ,한식,전라남도 광양시 옥룡면 신재로 1317,"닭숯불고기, 흑염소",,,,
1188,구봉산닭과수제비,한식,전라남도 광양시 용장길 260-3,들깨수제비,,,,
1189,한마음회관,한식,전라남도 광영시 중마로 273,꽃등심,,,,
1190,성호횟집식당,한식,전라남도 광양시 진월면 섬진강매화로 119,"주꾸미, 전어회 ",,,,
1191,싱글벙글복집,한식,전라남도 광양시 행정1길 6-5,"복지리, 찜, 튀김",,,,
1192,어부의집,한식,전라남도 구례군 구례읍 5일시장작은길 12,생선구이,,,,
1193,지리산노가네식당,한식,전라남도 구례군 구례읍 5일시장작은길 36,흑염소,,,,
1194,부부식당,한식,전라남도 구례군 구례읍 구례2길 30,다슬기수제비,,,,
1195,까막정,한식,전라남도 구례군 구례읍 까막정길 51-8 50,닭요리,,,,
1196,동아식당,한식,전라남도 구례군 구례읍 봉동길 4-5,"우족탕, 가오리찜",,,,
1197,북문토종흑돼지,한식,전라남도 구례군 구례읍 봉성로 108,양념주물럭,,,,
1198,영실봉,한식,전라남도 구례군 구례읍 북교길 6-6,갈치탕,,,,
1199,봉성식당 ,한식,전라남도 구례군 구례읍 봉동길 8-9,"돼지머리국밥, 수육 ",,,,
1200,당골식당 ,한식,전라남도 구례군 산동면 당골길 86-31,"산닭구이, 오리구이 ",,,,
1201,섬진강다슬기식당,한식,전라남도 구례군 토지면 섬진강대로 5041,다슬기탕,,,,
1202,송현불고기,한식,전라남도 나주시 건재로 193,불고기,,,,
1203,나주곰탕하얀집,한식,전라남도 나주시 금성관길 6-1,곰탕,,,,
1204,우리식당,한식,전라남도 나주시 나주로 212-6,오리탕,,,,
1205,삐삐식당,한식,전라남도 나주시 나주천2길 80,"애호박찌개, 보리굴비",,,,
1206,버드나무집,한식,전라남도 나주시 다도면 나주호로 162,매운탕,,,,
1207,숲속의무릉도원,한식,전라남도 담양군 가사문학면 남대덕로 53,들나물솔밥정식,,,,
1208,덕인관,한식,전라남도 담양군 담양읍 죽향대로 1121,떡갈비,,,,
1209,승일식당,한식,전라남도 담양군 담양읍 중앙로 98-1,숯불돼지갈비,,,,
1210,쌍교숯불갈비,한식,전라남도 담양군 봉산면 송강정로 212,떡갈비,,,,
1211,담양애꽃,한식,전라남도 담양군 봉산면 죽향대로 723,떡갈비정식,,,,
1212,벽오동,한식,전라남도 담양군 창평면 의병로 41,보리밥,,,,
1213,소문난오리전골,한식,전라남도 담양군 창평면 창평로 612,오리전골,,,,
1214,해촌,한식,전라남도 목포시 미항로 133,바지락 무침,,,,
1215,인동주마을,한식,전라남도 목포시 복산길12번길 5,간장게장,,,,
1216,관우간이음식점,중식,전라남도 목포시 산정안로 14-3,볶음밥,,,,
1217,낙지나라,한식,전라남도 목포시 송림로40번길 22,낙지 초무침,,,,
1218,하당먹거리 ,한식,전라남도 목포시 신흥로 98,"전복, 낙지탕탕이 ",,,,
1219,장터식당,한식,전라남도 목포시 영산로40번길 23,꽃게살 비빔밥,,,,
1220,만선식당,한식,전라남도 목포시 서산로 2,벤댕이 회,,,,
1221,어민동산촌닭,한식,전라남도 목포시 해양대학로 162-1,촌닭 코스요리,,,,
1222,독천식당,한식,전라남도 목포시 호남로64번길 3-1,낙지비빔밥,,,,
1223,제일회식당,한식,전라남도 무안군 망운면 망운로 13,기절낙지,,,,
1224,동원,일식,전라남도 무안군 망운면 조산길 2,계절 회덮밥,,,,
1225,낙지예찬생선예찬,한식,전라남도 무안군 무안읍 무안로 544,낙지,,,,
1226,향림낙지한마당,한식,전라남도 무안군 무안읍 뻘낙지길 34,"낙지, 회",,,,
1227,토담골한우곰탕,한식,전라남도 무안군 무안읍 성내1길 32-5,곰탕,,,,
1228,무안애꽃낙지한정식,한식,전라남도 무안군 무안읍 영산로 3083,낙지 한정식,,,,
1229,구풍갈비,한식,전라남도 무안군 삼향읍 중등포길 35-37,떡갈비,,,,
1230,남원춘향골추어탕,한식,전라남도 무안군 청계면 도대로 125-9,추어탕,,,,
1231,금복식당,한식,전라남도 보성군 노동면 보림길 2,다슬기탕,,,,
1232,득량반점,중식,전라남도 보성군 득량면 역전길 32,우리밀짜장,,,,
1233,우성관,한식,전라남도 보성군 미력면 초당길 9-4,"오리로스, 탕",,,,
1234,신화식당,한식,전라남도 보성군 보성읍 새싹길 8,대패삼겹살,,,,
1235,태평골낚시터가든,한식,전라남도 보성군 보성읍 새싹길 81-64,추어탕,,,,
1236,복내식당,한식,전라남도 보성군 복내면 개기로 1680,육회비빔밥,,,,
1237,산천식당,한식,전라남도 보성군 복내면 개기로 1682,메기탕,,,,
1238,중흥식육식당,한식,전라남도 보성군 웅치면 일림로 1000,삼겹살,,,,
1239,갯마을횟집,한식,전라남도 보성군 회천면 우암길 27-12,활어회,,,,
1240,원조동경낙지,한식,전라남도 순천시 금곡길 26,낚지전골,,,,
1241,양지쌈밥,한식,전라남도 순천시 금곡길 8,쌈밥,,,,
1242,명동산장,한식,전라남도 순천시 상사면 상사호길 206,민물매운탕,,,,
1243,하마가든,한식,전라남도 순천시 상사호길 315,꿩탕,,,,
1244,선호가든,한식,전라남도 순천시 서면 청소길 239,닭구이,,,,
1245,대대선창집 ,한식,전라남도 순천시 순천만길 542,짱뚱어탕 ,,,,
1246,흥덕식당,한식,전라남도 순천시 역전광장3길 21,백반,,,,
1247,와룡산장,한식,전라남도 순천시 용수동길 361,닭구이,,,,
1248,아구마을 ,한식,전라남도 순천시 하대석길 33,"아귀탕(찜), 해물탕 ",,,,
1249,천사바다블라썸&펜션,일식,전라남도 신안군 암태면 진작지길 227-17 1동,등심돈카츠&커피,,,,
1250,고깃배 횟집,한식,전라남도 신안군 압해읍 압해로 1852,"회백반, 매운탕",,,,
1251,꽃피는 무화가,한식,전라남도 신안군 압해읍 압해로 393-2,"해초전복돌솥밥, 간장게장",,,,
1252,장수촌,한식,전라남도 신안군 압해읍 압해로 423,옻닭(토종닭),,,,
1253,훼밍웨이,카페,전라남도 신안군 압해읍 학동길 66-20,"카페, 디저트",,,,
1254,왕바위식당,한식,전라남도 신안군 증도면 지도증도로 1991,민어회,,,,
1255,당머리첫집,한식,전라남도 여수시 남산남1길 34,"하모샤브샤브, 하모사시미",,,,
1256,녹원식당,한식,전라남도 여수시 남산로 60-31,게장백반,,,,
1257,터진만두,한식,전라남도 여수시 소호로 253-1,"만두, 냉면, 만두전골",,,,
1258,용진하우스,한식,전라남도 여수시 어항단지로 21,"장어탕, 조개탕",,,,
1259,영덕횟집,한식,전라남도 여수시 여수산단로 37-6,우럭매운탕,,,,
1260,나진국밥,한식,전라남도 여수시 화양면 화양로 1391,국밥,,,,
1261,미륵골산장,한식,전라남도 영광군 군남면 천년로 463-37,백숙,,,,
1262,지산칼국수,한식,전라남도 영광군 백수읍 백수로 726,"칼국수, 만두",,,,
1263,한성식당,한식,전라남도 영광군 백수읍 천마길 10,백합죽,,,,
1264,도래지,한식,전라남도 영광군 법성면 굴비로1길 106-14,굴비정식,,,,1
1265,법성토우,한식,전라남도 영광군 법성면 법성포로3길 26-9,간장게장정식,,,,
1266,푸른가든,한식,전라남도 영광군 불갑면 강항로 46-18,촌닭,,,,
1267,한솔가든,한식,전라남도 영광군 영광읍 영대로 516,장어탕,,,,
1268,밀향기,한식,전라남도 영광군 영광읍 함영로 3448,"해물칼국수, 해물녹두전",,,,
1269,문정한정식,한식,전라남도 영광군 중앙로5길 16-10,한정식,,,,
1270,홍농암소갈비,한식,전라남도 영광군 홍농읍 동부로 17,돼지갈비,,,,
1271,텃밭가든,한식,전라남도 영암군 덕진면 새터신정길 71,닭구이,,,,
1272,남원식육식당,한식,전라남도 영암군 미암면 영산로 9,돼지불고기,,,,
1273,신월착한고기,한식,전라남도 영암군 신북면 간은정로 24,생고기비빔밥,,,,
1274,금동숯불구이식육식당,한식,전라남도 영암군 신북면 고분로 1014,삼겹살,,,,
1275,궁전본가,한식,전라남도 영암군 영암읍 낭주로 206,백반,,,,
1276,초원식당,한식,전라남도 영암군 영암읍 열무정로 10,한방백숙,,,,
1277,영빈관,한식,전라남도 영암군 영암읍 웃시암길 8,"육낙, 비빔밥",,,,
1278,청하식당,한식,전라남도 영암군 학산면 독천로 170-1,낙지볶음,,,,
1279,소라횟집,한식,전라남도 완도군 신지면 명사십리길 85-29,삼복더위탕,,,,
1280,무등식육점,한식,전라남도 완도군 완도읍 개포로 145번길 39,삽겹살,,,,
1281,개성순두부,한식,전라남도 완도군 완도읍 개포로 19,순두부,,,,
1282,미락식당,한식,전라남도 완도군 완도읍 군내11번길 15,오리탕,,,,
1283,장수식당,한식,전라남도 완도군 완도읍 장보고대로 191-1,국밥,,,,
1284,문화식당,한식,전라남도 완도군 완도읍 청해진남로24번길 32,추어탕,,,,
1285,호반가든,한식,전라남도 장성군 북하면 백양로 612,메기찜,,,,
1286,호산식당,한식,전라남도 장성군 장성읍 미락단지길 32,메기탕,,,,
1287,장어나라,한식,전라남도 장성군 장성읍 영천로 219,"장어, 백반",,,,
1288,국일반점,중식,전라남도 장성군 장성읍 청운4길 3,짬뽕,,,,
1289,불태산 진원성,한식,전라남도 장성군 진원면 고산로 17,한우육회비빔밥,,,,
1290,콩까러가세,한식,전라남도 장성군 진원면 영신2길 65,"순두부, 청국장",,,,
1291,청자연,한식,전라남도 장성군 황룡면 구석길 53-2,"자연밥상, 떡갈비",,,,
1292,대도식당,한식,전라남도 장흥군 대덕읍 거정2길 14-24,장어전골,,,,
1293,바다하우스,한식,전라남도 장흥군 안양면 수문용곡로 139,바지락회무침,,,,
1294,영천수산,한식,전라남도 장흥군 안양면 안양로 151,민물장어,,,,
1295,연지보리밥,한식,전라남도 장흥군 장흥읍 토요시장3길 15,보리밥,,,,
1296,호남식당,한식,전라남도 장흥군 회진면 회진로 449,돼지주물럭,,,,
1297,우리집횟집,한식,전라남도 장흥군 회진면 회진선창길 10-1,된장물회,,,,
1298,장어랑돼지랑,한식,전라남도 진도군 의신면 운림산방로 269,장어구이,,,,
1299,해미원,한식,전라남도 진도군 진도읍 교동5길 109,회정식,,,,
1300,신호등회관,한식,전라남도 진도군 진도읍 남동1길 66,꽃게비빔밥,,,,
1301,옥천횟집,한식,전라남도 진도군 진도읍 성동길 9,회정식,,,,
1302,하여주가든,한식,전라남도 함평군 신광면 함영로 2573,돼지숯불갈비,,,,
1303,송학냉면,한식,전라남도 함평군 학교면 함영로 503,냉면,,,,
1304,은행나무수산,한식,전라남도 함평군 함평읍 내바람길 39,"메기찜, 붕어찜",,,,
1305,목포식당,한식,전라남도 함평군 함평읍 시장길 32,육회비빔밥,,,,
1306,장안식당,한식,전남 함평군 함평읍 함평천우길 54,곱창국밥,,,,
1307,선유식당,한식,전라남도 함평군 함평읍 중앙길 54-13,굴비정식,,,,
1308,돌머리수산,한식,전라남도 함평군 함평읍 중앙길 90-1,함평뻘낙지,,,,
1309,초록식당,한식,전라남도 함평군 함평읍 중앙길 96-7,육회비빔밥,,,,
1310,나비골가든,한식,전라남도 함평군 함평읍 함장로 1131,우렁이청국장,,,,
1311,고향산천,한식,전라남도 함평군 해보면 밀재로 1283-4,백반,,,,
1312,팔도강산,한식,전라남도 해남군 삼산면 대흥사길 88-30,흑두부,,,,
1313,장수통닭,한식,전라남도 해남군 해남읍 고산로 295,토종닭코스요리,,,,
1314,성내식당,한식,전라남도 해남군 해남읍 명문길 19-1,"미자탕, 김국",,,,
1315,천일식당,한식,전라남도 해남군 해남읍 읍내길 20-8,떡갈비,,,,
1316,돌고래횟집,한식,전라남도 해남군 화원면 영호길 42-13,자연산활어회,,,,
1317,삼거리식당,한식,전라남도 화순군 능주면 죽수길 25,돼지족발 및 돼지머리국밥,,,,
1318,황토와참숯,한식,전라남도 화순군 능주면 학포로 1877,생고기,,,,
1319,양지식당,한식,전라남도 화순군 능주면 학포로 1900,주물럭,,,,
1320,하오츠짬뽕,중식,전라남도 화순군 도곡면 지강로 169-3,"짬뽕, 탕수육",,,,
1321,용암산장,한식,전라남도 화순군 한천면 용암길 132-35,송어회,,,,
1322,금성식당,한식,전라남도 화순군 화순읍 시장길 40,홍어애탕,,,,
1323,봉순이 팥죽,한식,전라남도 화순군 화순읍 칠충로 132,팥죽,,,,
1324,산마을 다람쥐,한식,전라남도 화순군 화순읍 안양산로 496,간장게장,,,,
1325,삼일식당,한식,전라남도 화순군 화순읍 자치샘로 15-7,다슬기탕,,,,
1326,홍두깨칼국수,한식,대구광역시 남구 대명남2길 100-8,"칼국수, 수제비 ",,,,
1327,대해복어 ,한식,대구광역시 남구 대명로53길 22-1,"복어탕, 복불고기 ",,,,
1328,대동강식당,한식,대구광역시 남구 대봉로 57-1,"냉면, 불고기, 어복쟁반",,,,
1329,영대특미아나고,한식,대구광역시 남구 명덕시장길 119-3,"아나고몸통, 곰장어 ",,,,
1330,생오리오리 ,한식,대구광역시 남구 봉덕로 102,오리요리 ,,,,
1331,주왕산삼계탕 ,한식,대구광역시 남구 봉덕로 11,"삼계탕, 찜닭 ",,,,
1332,대덕식당,한식,대구광역시 남구 앞산순환로 443,국밥,,,,
1333,앞산할매손칼국수 ,한식,대구광역시 남구 앞산순환로87길 13,"손칼국수, 빈대떡 ",,,,
1334,또이스치킨찜닭 ,한식,대구광역시 남구 양지북길 100,"찜닭, 치킨",,,,
1335,최윤숙안동생고기뭉티기,한식,대구광역시 달서구 월곡로47길 28,생고기,,,,
1336,제주물회,한식,대구광역시 달서구 달서대로 28-1,물회,,,,
1337,조은터,한식,대구광역시 달서구 이곡동로 71,양념갈비,,,,
1338,깡촌돼지찌개,한식,대구광역시 달서구 이공공원로1길 106,돼지찌개,,,,
1339,제1능이버섯생국수,한식,대구광역시 달서구 장기로 51,능이백숙,,,,
1340,강원도집,한식,대구광역시 달성군 가창면 가창로176길 18,오리구이,,,,
1341,곤지곤지,한식,대구광역시 달성군 가창면 퇴계길 43-8,보리밥,,,,
1342,대성석쇠숯불구이,한식,대구광역시 달성군 논공읍 논공로 732,"닭숯불구이, 오리숯불구이",,,,
1343,손중헌원조논메기매운탕,한식,대구광역시 달성군 다사읍 부곡2길 7-9,매운탕,,,,
1344,계령식당,한식,대구광역시 달성군 옥포읍 옥포로 301,갈치정식,,,,
1345,하늘천따지,한식,대구광역시 달성군 옥포읍 옥포로 78,"오리숯불, 쭈꾸미볶음",,,,
1346,영남장어횟집,한식,대구광역시 달성군 현풍면 현풍로6길 5,장어양념구이,,,,
1347,현대식당,한식,대구광역시 달성군 현풍읍 현풍로8길 5-2,소구레국밥,,,,
1348,현풍닭칼국수,한식,대구광역시 달성군 현풍읍 현풍중앙로 50,닭칼국수,,,,
1349,서순자손수제비,한식,대구광역시 달성군 화원읍 비슬로516길 54,"수제비, 칼국수",,,,
1350,성동식당,한식,대구광역시 동구 동북로79길 39,곱창전골,,,,
1351,우미관,한식,대구광역시 동구 송라로14길 83,고추장불고기,,,,
1352,효목김밥,한식,대구광역시 동구 아양로 50길 10,김밥,,,,
1353,만남의광장 ,한식,대구광역시 동구 아양로7길 12,"양념똥집, 찜닭 ",,,,
1354,원조할매뚜레박어탕국수 본점,한식,대구광역시 동구 파계로 479-8,"어탕수제비, 논메기매운탕 ",,,,
1355,삼거리순두부식당,한식,대구광역시 동구 팔공산로 1664,순두부찌개,,,,
1356,산골기사식당 ,한식,대구광역시 동구 팔공산로 1666,순두부송이찌개 ,,,,
1357,만나식당,한식,대구광역시 동구 효동로6길 70,코다리찜,,,,
1358,참우양곱창,한식,대구광역시 북구 구암로41길 10,양곱창,,,,
1359,3바다낙지해물,한식,대구광역시 북구 구암로60길 58,해계탕(토종닭),,,,
1360,민지네산오징어,한식,대구광역시 북구 대천로 35,회,,,,
1361,더하오,일식,대구광역시 북구 동암로12길 24,야끼우동,,,,
1362,이가네더덕밥,한식,대구광역시 북구 이곡길 35-41,더덕구이,,,,
1363,소문난부자돼지국밥 ,한식,대구광역시 북구 칠곡중앙대로 606-1,"순대국밥, 수육 ",,,,
1364,벽강물회식당,한식,대구광역시 북구 침산남로 62,"물회, 모둠회 ",,,,
1365,일월산,한식,대구광역시 북구 침산로 163,"돼지갈비, 김치전골",,,,
1366,남천닭갈비(침산점) ,한식,대구광역시 북구 침산로21길 23,닭갈비,,,,
1367,손복자부산할매낙지 ,한식,대구광역시 서구 달구벌대로 1789,낙지요리 ,,,,
1368,제비원,한식,대구광역시 서구 달서천로87길 4,가오리찜,,,,
1369,리안,중식,대구광역시 수성구 교학로4길 48,탕수육,,,,
1370,마루막창,한식,대구광역시 수성구 수성못2길 5,막창,,,,
1371,아리조나 막창,한식,대구광역시 수성구 용학로25길 45,막창,,,,
1372,부산해물철판구이,한식,대구광역시 중구 동성로 4-6,"해물철판구이, 물회냉면 ",,,,
1373,영생덕 ,중식,대구광역시 중구 종로 39,"군만두, 탕수육 ",,,,
1374,한옥집김치찜,한식,대구광역시 중구 중앙대로 404-3,김치찜,,,,
1375,남문납작만두,한식,대구광역시 중구 명륜로 64-1,납작만두,,,,
1376,동천면옥,한식,경상북도 경산시 계양로16길 70-1,비빔냉면,,,,
1377,강변보양탕,한식,경상북도 경산시 서상길 56,보양탕,,,,
1378,부원찜복어,한식,경상북도 경산시 원효로26길 36,복어탕,,,,
1379,동해모리국수,한식,경상북도 경산시 중방로 2,칼국수,,,,
1380,사랑채국시집,한식,경상북도 경주시 북문로 31,칼국수,,,,
1381,용산회식당,한식,경상북도 경주시 내남면 포석로 112,횟밥,,,,
1382,보불어탕명가,한식,경상북도 경주시 보불로 174-17,어탕손수제비,,,,
1383,초당400년순두부,한식,경상북도 경주시 보불로 24-2,순두부,,,,
1384,삼영복식당,한식,경상북도 경주시 봉황로 67,밀복지리,,,,
1385,암뽕수육본가점,한식,경상북도 경주시 불국장터길 8,수육,,,,
1386,산내내일촌,한식,경상북도 경주시 산내면 단석로 827,보양탕,,,,
1387,산천매운탕,한식,경상북도 경주시 산내면 의곡중앙길9,매운탕,,,,
1388,갈비랑국수랑,한식,경상북도 경주시 산업로 3043-4,갈비국수,,,,
1389,수라밀면,중식,경상북도 경주시 양정로 286,"밀면, 해물짬뽕",,,,
1390,경주쭈꾸미,한식,경상북도 경주시 원효로 13,쭈꾸미볶음,,,,
1391,대게장순두부 금성관,한식,경상북도 경주시 초당길 117,대게장순두부,,,,
1392,풍동골한방백숙,한식,경상북도 고령군 개진면 개경포로 64,닭요리,,,,
1393,두레두부마을,한식,경상북도 고령군 대가야읍 덕운로 45,두레정식,,,,
1394,오남매갈비랑탕이랑,한식,경상북도 고령군 대가야읍 장기터길10,"갈비, 삼겹살",,,,
1395,가는날이장날,한식,경상북도 고령군 대가야읍 시장2길 23,뒷고기,,,,
1396,홍천뚝배기,한식,경상북도 고령군 대가야읍 왕릉로 57,감자탕,,,,
1397,녹원가,한식,경상북도 고령군 대가야읍 장기터길 10-6,돌솥밥,,,,
1398,옛촌갈치,한식,경상북도 고령군 대가야읍 중앙로 57-12,갈치찜,,,,
1399,왕서방,중식,경상북도 고령군 운수면 꽃질2길 14-10,짬뽕,,,,
1400,얼음굴식당,한식,경상북도 고령군 운수면 대가야로 1881,보신탕,,,,
1401,가얏골오리마을,한식,경상북도 고령군 운수면 운용로 72,오리불고기,,,,
1402,상돈이비빔돼지,한식,경상북도 구미시 구미대로 399,비빔돼지찌게,,,,
1403,신사랑방,한식,경상북도 구미시 금오산로 140,북어물찜,,,,
1404,금오산풀하우스,한식,경상북도 구미시 금오산상가길 9-12,매운들깨수제비,,,,
1405,오복반점,중식,경상북도 구미시 도개면 도안로 123-4,홍합짬뽕,,,,
1406,박가네찜갈비,한식,경상북도 구미시 송원서로 21,국물찜갈비,,,,
1407,대구막창,한식,경상북도 구미시 신시로10길 63-2,갈매기살구이,,,,
1408,수복식당,한식,경상북도 군위군 군위읍 동서길 41,버섯전골,,,,
1409,두향,한식,경상북도 군위군 부계면 한티로 2206-37,한정식,,,,
1410,원조대동목장가든,한식,경상북도 군위군 부계면 남산리 142-2,닭불고기,,,,
1411,군위 참좋은한우직판장,한식,경상북도 군위군 효령면 간동유원지길 5,숯불구이,,,,
1412,원조거매메기매운탕,한식,경상북도 군위군 효령면 거매2길 41-1,매운탕,,,,
1413,오늘참예쁘다,카페,경상북도 김천시 구읍길 80,마카롱,,,,
1414,대도식당,한식,경상북도 김천시 김천로 178-1,궁중전골,,,,
1415,추풍령할매갈비,한식,경상북도 김천시 봉산면 봉산로 15,양념갈비,,,,
1416,할매참옻집,한식,경상북도 김천시 혁신1로 64,"옻닭, 옻오리",,,,
1417,맛있는 영자씨네,한식,경상북도 김천시 삼락택지2길 34,"고등어, 석쇠구이",,,,
1418,어모유정식당,한식,경상북도 김천시 어모면 어모로 252,순대국밥,,,,
1419,연하루 뼈대짬뽕,중식,경상북도 김천시 영남대로 1398,고기짬뽕,,,,
1420,중국만두,한식,경상북도 김천시 용머리5길 5,찐만두,,,,
1421,장영선원조지례삼거리불고기,한식,경상북도 김천시 지례면 장터길 64,양념불고기,,,,
1422,대성암본가 초밥집,일식,경상북도 김천시 평화길 141,초밥,,,,
1423,도리실메기매운탕,한식,경상북도 문경시 가은읍 도리실안길 13,메기매운탕,,,,
1424,문경산채비빔밥,한식,경상북도 문경시 문경읍 새재로 913-14,산채비빔밥,,,,
1425,문경식당,한식,경상북도 문경시 문경읍 새재로 920-1,더덕정식,,,,
1426,새재할매집,한식,경상북도 문경시 문경읍 새재로 922,석쇠구이,,,,
1427,문경진추어탕,한식,경상북도 문경시 문경읍 온천2길 24,"추어탕, 한우국밥",,,,
1428,뉴욕제과,카페,경상북도 문경시 산북면 금천로 557,찹쌀떡,,,,
1429,아천교송어장,한식,경상북도 문경시 산북면 운달로 55,송어회,,,,
1430,세구기매운탕,한식,경상북도 문경시 중앙4길 20,매운탕,,,,
1431,송내촌산나물밥,한식,경상북도 문경시 호계면 가열2길 25-1,산채비빔밥,,,,
1432,채가네 들깨국수,한식,경상북도 문경읍 온천3길 10-16,칼국수,,,,
1433,봉화한약우프라자,한식,경상북도 봉화군 봉성면 농업인길 47,한약우(소고기),,,,
1434,고향집식당,한식,경상북도 봉화군 봉성면 다덕로 539,순두부정식,,,,
1435,소선정,한식,경상북도 봉화군 봉화읍 교촌1길 14,닭볶음탕,,,,
1436,장가네매운탕,한식,경상북도 봉화군 봉화읍 예봉로 2083,어죽국수탕,,,,
1437,인하원,한식,경상북도 봉화군 봉화읍 유록길 20,송이돌솥밥,,,,
1438,미림가든식당,한식,경상북도 봉화군 석포면 석포문화마을길 1-19,순대국밥,,,,
1439,신거성숯불갈비,한식,경상북도 상주시 공성면 웅산로 1241,"갈비, 삼겹살, 주물럭",,,,
1440,부흥식육식당,한식,경상북도 상주시 남적로 6-75,석쇠구이,,,,
1441,탑골마을,한식,경상북도 상주시 모동면 용호1길 53,주물럭,,,,
1442,명실상감한우,한식,경상북도 상주시 영남제일로 1119-9,갈비탕,,,,
1443,청자 ,중식,경상북도 상주시 외서면 북상주로 539-5,"짬뽕, 탕수육 ",,,,
1444,지천 통나무집,한식,경상북도 상주시 지천1길 43,홍합밥,,,,
1445,굴다리식당,한식,경상북도 상주시 함창읍 구향로 114,소머리국밥,,,,
1446,선남참숯갈비,한식,경상북도 상주시 화서면 화령로 13,영양돌솥밥,,,,
1447,돌담집,한식,경상북도 성주군 가천면 포천계곡로 697,"오리, 닭백숙",,,,
1448,대천식당,한식,경상북도 성주군 금수면 성주로 1892,"갈치찌개, 동태찌개",,,,
1449,이실미식당,한식,경상북도 성주군 대가면 여실길 46,"어탕, 향어회",,,,
1450,성밖수반애,한식,경상북도 성주군 성주읍 경산2길 51,정식,,,,
1451,날마다잔치집,한식,경상북도 성주군 성주읍 본성로 959,칼국수,,,,
1452,우신탕본가,한식,경상북도 성주군 성주읍 성주순환로2길 68,소고기,,,,
1453,왜관식당,한식,경상북도 성주군 월항면 주산로 382,청국장,,,,
1454,새불고기식당,한식,경상북도 성주군 초전면 대고로 22,"소불고기, 돼지주물럭",,,,
1455,안동간고등어,한식,경상북도 성주군 초전면 대고로 28,고등어구이 정식,,,,
1456,일직식당,한식,경상북도 안동시 경동로 676,간고등어정식,,,,
1457,송현동 그집쭈꾸미,한식,경상북도 안동시 경북대로 583,쭈꾸미볶음,,,,
1458,헛제사밥까치구멍집,한식,경상북도 안동시 석주로 203,"간고등어구이, 헛제사밥",,,,
1459,옥야식당,한식,경상북도 안동시 중앙시장길 7,선지국밥,,,,
1460,안동회관,한식,경상북도 안동시 태사길 71,불고기,,,,
1461,명가찜닭,한식,경상북도 안동시 퇴계로 80-1,찜닭,,,,
1462,나비산기사식당,한식,경상북도 영덕군 강구면 강산로 10,"해물탕, 찌개",,,,
1463,송천강재첩국,한식,경상북도 영덕군 병곡면 덕천길 177,재첩국,,,,
1464,화림산가든,한식,경상북도 영덕군 영덕읍 강변길 366,메기매운탕,,,,
1465,아성식당,한식,경상북도 영덕군 영덕읍 야성길 47,불고기,,,,
1466,전통막국수전문점,한식,경상북도 영덕군 영덕읍 야성길 61-2,막국수,,,,
1467,풍경시골손칼국수,한식,경상북도 영덕군 영덕읍 읍사무소1길 8-11,손칼국수,,,,
1468,경정횟집,한식,경상북도 영덕군 축산면 영덕대게로 1759-1,"물회, 회",,,,
1469,나성숯불가든,한식,경상북도 영양군 영양읍 동서대로 24-2,육류,,,,
1470,정든식당,한식,경상북도 영양군 영양읍 동서대로 66,매운탕,,,,
1471,맘포식당숯불갈비,한식,경상북도 영양군 영양읍 시장3길 15,돼지곱창주물럭,,,,
1472,갈매기식당,한식,경상북도 영양군 영양읍 시장5길 4,비빔밥,,,,
1473,불목한우전문점,한식,경상북도 영양군 영양읍 중앙로 136-3,옻닭,,,,
1474,희야돌곱창,한식,경상북도 영양군 입암면 입암로 138-4,곱창전골,,,,
1475,흥부가,한식,경상북도 영주시 대학로 92,육회비빔밥,,,,
1476,순흥전통묵집,한식,경상북도 영주시 순흥면 순흥로39번길 21,묵,,,,
1477,중앙분식,한식,경상북도 영주시 중앙로 123-1,쫄면,,,,
1478,풍기삼계탕,한식,경상북도 영주시 중앙로 130,삼계탕,,,,
1479,나드리,한식,경상북도 영주시 중앙로 89,쫄면,,,,
1480,신 차이나,한식,경상북도 영주시 풍기읍 동양대로 107-4,차돌박이전골,,,,
1481,편대장영화식당,한식,경상북도 영천시 강변로 50-15,육회,,,,
1482,찜순이,한식,경상북도 영천시 무궁화길 33-3,해물찜,,,,
1483,까치복집,한식,경상북도 영천시 문외2길 3,복어수육,,,,
1484,영양숯불갈비,한식,경상북도 영천시 시장로 43,숯불갈비,,,,
1485,신령역돔양식장횟집,한식,경상북도 영천시 신녕면 찰방길 58,역돔회,,,,
1486,희락식당,한식,경상북도 영천시 완산중앙1길 6,곰탕,,,,
1487,제일손칼국수,한식,경상북도 영천시 우로들길 11-2,돼지껍데기,,,,
1488,대한식육식당,한식,경상북도 영천시 장수로 51,돼지찌개,,,,
1489,삼송꾼만두,한식,경상북도 영천시 중앙동1길 12,만두,,,,
1490,원조돌메기매운탕,한식,경상북도 영천시 화남면 천문로 1505,매운탕,,,,
1491,김실네청국장,한식,경상북도 예천군 보문면 보문로 583,청국장,,,,
1492,청포집,한식,경상북도 예천군 예천읍 맛고을길 30,청포묵밥,,,,
1493,새대구숯불구이,한식,경상북도 예천군 예천읍 시장로 61,"삼겹살, 소고기",,,,
1494,제주복집,한식,경상북도 예천군 예천읍 이미기길 71,복불고기,,,,
1495,백수식당,한식,경상북도 예천군 예천읍 충효로 284,육회비빔밥,,,,
1496,수림매운탕,한식,경상북도 예천군 예천읍 충효로 312-6,민물매운탕,,,,
1497,용궁우정참우,한식,경상북도 예천군 용궁면 용궁로 128,소고기,,,,
1498,용궁단골식당,한식,경상북도 예천군 용궁면 용궁시장길 30,순대국,,,,
1499,예천참우마을본가,한식,경상북도 예천군 풍양면 풍지로 23,갈비탕,,,,
1500,나리촌식당,한식,경상북도 울릉군 북면 나리1길 31-115,산채비빔밥,,,,
1501,신애분식,한식,경상북도 울릉군 북면 천부1길 2,따개비칼국수,,,,
1502,향토회식당,한식,경상북도 울릉군 울릉읍 도동길 54,물회,,,,
1503,울릉회타운,한식,경상북도 울릉군 울릉읍 도동길 69,물회,,,,
1504,천금수산,한식,경상북도 울릉군 울릉읍 봉래길 6,새우회,,,,
1505,전주식당,한식,경상북도 울릉군 울릉읍 울릉순환로 158-1,오삼불고기,,,,
1506,바로이집,한식,경상북도 울진군 근남면 노음4길 6-10,"막국수, 칼국수",,,,
1507,울산회식당,한식,경상북도 울진군 기성면 망양로 225-9,물회,,,,
1508,나곡식당,한식,경상북도 울진군 북면 곡리1길 5-29,"돈까스, 추어탕, 뼈해장국",,,,
1509,흰바위한식고을,한식,경상북도 울진군 온정면 백암온천로 1281,버섯전골,,,,
1510,동치골허브야생화마을,한식,경상북도 울진군 죽변면 봉화길 78,"오리(로스, 훈제, 주물럭), 돈까스",,,,
1511,제일반점,중식,경상북도 울진군 죽변면 죽변중앙로 168-13,"볶음 짬봉밥, 탕수육",,,,
1512,죽변우성식당,한식,경상북도 울진군 죽변면 죽변항길 69,곰치국,,,,
1513,돌섬식당,한식,경상북도 울진군 죽변면 죽변항길 73,"문어볶음, 장치조림, 대구탕",,,,
1514,후포리백년식당,한식,경상북도 울진군 후포면 후포6길 159-1,대게간장게장,,,,
1515,논산손칼국수,한식,경상북도 의성군 금성면 탑리1길 47-1,칼국수,,,,
1516,주영자마늘닭(구.삼미 마늘닭),한식,경상북도 의성군 단촌면 장터길 14,마늘 통닭,,,,
1517,봉양한우마실작목회 ,한식,경상북도 의성군 봉양면 봉기길 19,"한우, 불고기전골 ",,,,
1518,마당깊은집,한식,경상북도 의성군 의성읍 도동도서길 10,코다리찜,,,,
1519,동해반점,중식,경상북도 의성군 의성읍 동서1길 37,돼지짬뽕,,,,
1520,남선옥식육식당,한식,경상북도 의성군 의성읍 도동리 981-4,소고기양념,,,,
1521,문소식육식당,한식,경상북도 의성군 의성읍 전통시장2길 15-6,돼지모듬,,,,
1522,만장숯불가든,한식,경상북도 청도군 금천면 금천로 82,돼지숯불갈비,,,,
1523,대천회매운탕,한식,경상북도 청도군 금천면 청려로 4651,잡어매운탕,,,,
1524,달목식당,한식,경상북도 청도군 매전면 당호강변길 11,민물매운탕,,,,
1525,니가쏘다쩨,양식,경상북도 청도군 이서면 칠곡길2,"피자, 해물짬뽕",,,,
1526,기와집국수,한식,경상북도 청도군 청도읍 고수구길38,돼지등뼈짐,,,,
1527,황토추어탕,한식,경상북도 청도군 청도읍 냉정1길 12-1,추어탕,,,,
1528,콩이랑비지랑,한식,경상북도 청도군 청도읍 새마을로 1147,청국장,,,,
1529,오경통닭,한식,경상북도 청도군 청도읍 청도시장3길 2-8,매콤옹치기통닭,,,,
1530,역전 추어탕,한식,경상북도 청도군 청도읍 청화로 204,추어탕,,,,
1531,고향의 봄 한재미나리,한식,경상북도 청도군 청도읍 한재로 188,삽겹살,,,,
1532,수타큰손짜장,중식,경상북도 청도군 풍각면 헐티로 126,수타짬뽕,,,,
1533,귀빈식당,한식,경상북도 청송군 부동면 공원길 174,산채정식,,,,
1534,풍경,한식,경상북도 청송군 안덕면 복리길 25,능이오리백숙,,,,
1535,명궁약수가든,한식,경상북도 청송군 진보면 경동로 5156,누룽지닭백숙,,,,
1536,신촌포항식당,한식,경상북도 청송군 진보면 경동로 5161,닭백숙,,,,
1537,강변식당,한식,경상북도 청송군 청송읍 금월로 263,다슬기국,,,,
1538,청송송어장횟집,한식,경상북도 청송군 청송읍 사부실길 17,송어회,,,,
1539,서울여관식당,한식,경상북도 청송군 청송읍 약수길 18-1,닭불백숙,,,,
1540,웰빙하우스,한식,경상북도 청송군 청송읍 휴양단지길 34-1,닭칼국수,,,,
1541,가마솥옛날순대국,한식,경상북도 청송군 현서면 청송로 1147,순대국,,,,
1542,현풍옛날손두부집,한식,경상북도 칠곡군 석적읍 도개7길 12,순두부정식,,,,
1543,강릉밥집,한식,경상북도 칠곡군 왜관읍 남부3길 9,무청시래기강된장,,,,
1544,정만경,한식,경상북도 칠곡군 왜관읍 봉계로 235,연밥정식,,,,
1545,한미식당,퓨전,경상북도 칠곡군 왜관읍 석전로 159,햄버거,,,,
1546,와촌손칼국시,한식,경상북도 칠곡군 왜관읍 석전로10길 76,재첩칼국수,,,,
1547,만리궁,일식,경상북도 칠곡군 왜관읍 석전로12길 7,야끼우동,,,,
1548,대호생복어,한식,경상북도 칠곡군 왜관읍 평장1길 6,복냉탕,,,,
1549,깐데기해물칼국수,한식,경상북도 포항시 남구 대이로 65,해물칼국수,,,,
1550,연일물회,한식,경상북도 포항시 남구 연일읍 연일로159번길 9-1,옹가지물회,,,,
1551,과수원칼국수,한식,경상북도 포항시 남구 연일읍 자명로 314,칼국수,,,,
1552,양포삼거리생아구탕,한식,경상북도 포항시 남구 장기면 동해안로 3259,생아구탕,,,,
1553,대궁회타운,한식,경상북도 포항시 남구 호미곶면 호미로 1866-13,회국수,,,,
1554,양덕조림,한식,경상북도 포항시 북구 장량로 245,두부조림,,,,
1555,바닷속물회,한식,경상북도 포항시 북구 중흥로 213번길 8,물회,,,,
1556,시장식육식당,한식,경상북도 포항시 북구 청하면 청하로200번길 10-1,돼지두루치기,,,,
1557,부산가야밀면,한식,경상북도 포항시 북구 흥해읍 달전로 36-2,밀면,,,,
1558,홍길이횟집,한식,경상남도 거제시 거제중앙로26길 7,회,,,,
1559,찜마루,한식,경상남도 거제시 고현로2길 36,"한식, 아구찜",,,,
1560,남부횟집,한식,경상남도 거제시 남부면 대포길 69-11,회,,,,
1561,새마을회식당,한식,경상남도 거제시 능포로 241,"회,복국,아구탕",,,,
1562,고풍쌈밥,한식,경상남도 거제시 일운면 지세포4길 8,"수육쌈밥,야채쌈밥",,,,
1563,황금고디탕,한식,경상남도 거제시 장승포로1길 11,다슬기탕외,,,,
1564,박정현게장백반,한식,경상남도 거제시 장승포로 2,게장정식,,,,
1565,나들목,한식,경상남도 거제시 중곡2로4길 13,모듬회,,,,
1566,진주면옥,한식,경상남도 거제시 해명로 31,냉면,,,,
1567,쌍쌍식육식당,한식,경상남도 거창군 가조면 가조가야로 1096,육류생고기,,,,
1568,구구추어탕,한식,경상남도 거창군 거창읍 강남로 164,어탕국수,,,,
1569,건계정식당,한식,경상남도 거창군 거창읍 거안로 1173-21,"닭찜,백숙",,,,
1570,외양간구시,한식,경상남도 거창군 거창읍 상동2길 70,한우,,,,
1571,삼산이수 ,한식,경상남도 거창군 거창읍 내학길 35-4,"갈비찜, 갈비탕 ",,,,
1572,대전식당,한식,경상남도 거창군 거창읍 주곡로 504-20,갈비탕,,,,
1573,단골식당국밥,한식,경상남도 거창군 거창읍 중앙로 140,순대국밥,,,,
1574,대구회가든,한식,경상남도 거창군 북상면 병곡길 447-11,송어회,,,,
1575,나형식당,한식,경상남도 거창군 웅양면 웅양로 1449,소머리국밥,,,,
1576,김영희강남동태찜 고성점,한식,경상남도 고성군 거류면 당동해안길 35,"찜, 탕",,,,
1577,낙지마당,한식,경상남도 고성군 고성읍 남해안대로 2566,낙지전골,,,,
1578,대장금식당,한식,경상남도 고성군 고성읍 동외로 192,곱창전골,,,,
1579,구억식당,한식,경상남도 고성군 고성읍 송학로135번길 8,"조개탕, 장어탕",,,,
1580,솔밭가든,한식,경상남도 고성군 마암면 옥천로 16-1,오리고기,,,,
1581,강변매운탕,한식,경상남도 김해시 대동면 동남로1번길 22,매운탕,,,,
1582,버드나무집,한식,경상남도 김해시 대동면 동남로41번길 25-24,오리탕,,,,
1583,남광식당,한식,경상남도 김해시 분성로317번길 18,"곱창전골, 낙지전골",,,,
1584,한일뒷고기,한식,경상남도 김해시 삼계로1번길 4-18,뒷고기(돼지고기),,,,
1585,밀양돼지국밥,한식,경상남도 김해시 인제로 91,돼지국밥,,,,
1586,화포메기국,한식,경상남도 김해시 한림면 한림로 252,메기국,,,,
1587,가마솥의령할머니소고기국밥,한식,경상남도 김해시 활천로10번길 10,"소고기국밥, 돼지두루치기",,,,
1588,선소횟집,한식,경상남도 남해군 남해읍 선소로 176,생선 미역국,,,,
1589,섬마을해물칼국수,한식,경상남도 남해군 남해읍 스포츠로105번길 3-4,해물칼국수,,,,
1590,공주식당,한식,경상남도 남해군 미조면 미조로 230,갈치회/멸치회,,,,
1591,청해 삼소리정,한식,경상남도 남해군 삼동면 동부대로 1329,"갈치구이, 해물된장찌개",,,,
1592,우리식당,한식,경상남도 남해군 삼동면 동부대로 1876번길 7,멸치쌈밥,,,,
1593,축항횟집,한식,경상남도 남해군 서면 남서대로 1727-22,물회,,,,
1594,남해전복물회,한식,경상남도 남해군 이동면 남해대로 2436,생선회,,,,
1595,창선반점,중식,경상남도 남해군 창선면 옥천로 3 지도,해물짬뽕,,,,
1596,청원분식,한식,경상남도 밀양시 가곡11길 3,냉면,,,,
1597,설봉돼지국밥,한식,경상남도 밀양시 노상하3길 9,국밥,,,,
1598,장수곰탕,한식,경상남도 밀양시 미리벌중앙로 10 이편한세상 후문 상가103호,곰탕,,,,
1599,행랑채,한식,경상남도 밀양시 산외면 산외로 731,"비빔밥, 수제비",,,,
1600,사랑채,한식,경상남도 밀양시 삼문중앙로3길 30,순대전골,,,,
1601,아랑장어구이,한식,경상남도 밀양시 상동면 상동로 231,장어,,,,
1602,밀양할매메기매운탕,한식,경상남도 밀양시 용평로 438,메기칼국수,,,,
1603,명소남연숙손칼국수,한식,경상남도 밀양시 중앙로 258,칼제비,,,,
1604,아줌마우동,일식,경상남도 밀양시 중앙로 289-24,우동,,,,
1605,참지대루,한식,경상남도 사천시 곤명면 연평길 16,한우소고기국밥,,,,
1606,보리밭,한식,경상남도 사천시 곤명면 원전새길 7,보리밥 정식,,,,
1607,우도전복죽,한식,경상남도 사천시 노산공원길 54,전복물회,,,,
1608,하주옥,한식,경상남도 사천시 사남면 하동길8-11,냉면,,,,
1609,제주전복물회,한식,경상남도 사천시 사천대로 762,물회,,,,
1610,오동동아구찜,한식,경상남도 사천시 사천읍 수양로 35-1,아구찜,,,,
1611,시장국수,한식,경상남도 사천시 사천읍 시장1길 16-8,물국수,,,,
1612,김센세,일식,경상남도 사천시 삼상로 121-1,초밥,,,,
1613,보경해물촌,한식,경상남도 사천시 용현면 진삼로 541,해물찜,,,,
1614,한일식당,한식,경상남도 사천시 정동면 진삼로 1396-11,김치찌개,,,,
1615,금호식당,한식,경상남도 산청군 금서면 친환경로 2563-13,"어탕국수, 한식",,,,
1616,대장금약선관,한식,경상남도 산청군 금서면 친환경로2605번길 6-6,한정식,,,,
1617,목화식육식당,한식,경상남도 산청군 단성면 목화로 955,추어탕,,,,
1618,강변식당,한식,경상남도 산청군 산청읍 꽃봉산로 30-5,"메기탕, 메기찜",,,,
1619,송림산장,한식,경상남도 산청군 산청읍 산수로 316-6,오리약백숙,,,,
1620,늘비식당,한식,경상남도 산청군 생초면 산수로 1030-18,어탕국수,,,,
1621,홍화원,한식,경상남도 산청군 신안면 둔철산로 39,"갈비찜, 오곡밥",,,,
1622,타짜 오리하우스,한식,경상남도 산청군 신안면 원지로 178,오리불고기,,,,
1623,원지한우식육식당,한식,경상남도 산청군 신안면 원지로 70,한우,,,,
1624,자연산참가자미회,한식,경상남도 양산시 물금읍 동중1길 35-20,가자미회,,,,
1625,대보름생아구찜,한식,경상남도 양산시 양주3길 15-4,아구찜,,,,
1626,함흥냉면,한식,경상남도 양산시 양주5길 3,냉면,,,,
1627,시골마당,한식,경상남도 양산시 용당 1길 5,대구매운탕,,,,
1628,두꺼비식당,한식,경상남도 양산시 원동면 원동마을길 54,곱창전골,,,,
1629,언덕집,한식,경상남도 양산시 중앙로 278,추어탕,,,,
1630,봉화촌두부,한식,경상남도 양산시 하북면 내원로 28,순두부찌개,,,,
1631,우정공원,한식,경상남도 양산시 하북면 양산대로 2025-43,"향어회, 잉어찜",,,,
1632,대림정,한식,경상남도 의령군 가례면 새가례로 31,닭국,,,,
1633,풀내음,한식,경상남도 의령군 가례면 홍의로3길 11,소바,,,,
1634,제일식육식당,한식,경상남도 의령군 대의면 대의로52,돼지국밥,,,,
1635,대정가든,한식,경상남도 의령군 용덕면 덕암로 18,어탕국수,,,,
1636,청송한우가든,한식,경상남도 의령군 의령읍 남강로 773,갈비탕,,,,
1637,화정소바,한식,경상남도 의령군 의령읍 의병로18길 9-3,소바,,,,
1638,해밀,한식,경상남도 의령군 의령읍 중리로 188,농가밥상,,,,
1639,색동가,한식,경상남도 진주시 동부로117,"칼국수,오리불고기",,,,
1640,육거리곰탕,한식,경상남도 진주시 망경로 303,곰탕,,,,
1641,진주냉면,중식,경상남도 진주시 모덕로47번길 1-2,"냉면,짬뽕",,,,
1642,고마돼지찌개,한식,경상남도 진주시 범골로37번길 8-5,돼지찌개,,,,
1643,경호강어탕,한식,경상남도 진주시 비봉로 73,어탕,,,,
1644,생초식당,한식,경상남도 진주시 신평공원길69번길 6,아구전문점,,,,
1645,송강식당,한식,경상남도 진주시 진양호로547번길 10-24,내장탕,,,,
1646,하연옥,한식,경상남도 진주시 진주대로 1317-20,물냉면,,,,
1647,천황식당 ,한식,경상남도 진주시 촉석로207번길 3,"비빔밥, 불고기 ",,,,
1648,천수식당,한식,경상남도 진주시 향교로8번길 3,"육회,불고기",,,,
1649,황포냉면,한식,경상남도 진주시 호탄길34번길 10,냉면,,,,
1650,공원반점,중식,경상남도 창녕군 대합면 창한로 95,짬뽕,,,,
1651,향촌가든,한식,경상남도 창녕군 도천면 가마골2길 5,오리요리,,,,
1652,송림식육식당,한식,경상남도 창녕군 영산면 로터리길 34,소고기구이,,,,
1653,도리원,한식,경상남도 창녕군 영산면 온천로 103-25,장아찌정식,,,,
1654,건강중화요리,중식,경상남도 창녕군 이방면 이방로 955,자장면,,,,
1655,장군식당,한식,경상남도 창녕군 창녕읍 계성화왕산로 614,"송이 닭국, 백숙",,,,
1656,대중분식당,한식,경상남도 창녕군 창녕읍 창녕대로 27,막국수,,,,
1657,우동한그릇,일식,경상남도 창원시 마산합포구 가포로 706,우동,,,,
1658,돈대박돼지국밥24,한식,경상남도 창원시 마산합포구 교방천남길 360,돼지국밥,,,,
1659,장어촌,한식,경상남도 창원시 마산합포구 구산면 이순신로 264,장어,,,,
1660,석양삼겹살,한식,경상남도 창원시 마산합포구 구산면 해양관광로 1393,삼겹살,,,,
1661,곤드레맛드레,한식,경상남도 창원시 마산합포구 옥동길 26,곤드레돌솥밥,,,,
1662,짱왕,한식,경상남도 창원시 마산합포구 진전면 아랫소포길 37,생우럭탕,,,,
1663,산생들,한식,경상남도 창원시 마산회원구 두척1길 59,"백숙, 옻닭",,,,
1664,청해아구찜,한식,경상남도 창원시 마산회원구 석전동로 21,아구찜,,,,
1665,솔밭오리마을,한식,경상남도 창원시 성산구 단정로76번길 2,오리탕,,,,
1666,마산집,한식,경상남도 창원시 성산구 상남로67,육회비빔밥,,,,
1667,일호추어탕,한식,경상남도 창원시 성산구 창이대로 689번길 25,추어탕,,,,
1668,북면자연농원 신월,한식,경상남도 창원시 의창고 상남로 240,오리탕,,,,
1669,가마솥추어탕,한식,경상남도 창원시 의창구 북면 천주로 1019-22,추어탕,,,,
1670,합천삼가한우식육식당,한식,경상남도 창원시 의창구 사림로130번길 5-10,한우모듬,,,,
1671,새벽식당,한식,경상남도 창원시 의창구 차상로18번길 45,알탕,,,,
1672,목민정,한식,경상남도 창원시 의창구 읍성로34번길 23,"생선구이, 돌솥밥정식",,,,
1673,거북이횟집,한식,경상남도 창원시 진해구 명동로 33,"물메기탕, 우럭매운탕",,,,
1674,은혜숯불갈비 ,한식,경상남도 통영시 광도면 죽림4로 23-37,"숯불갈비, 불고기 ",,,,
1675,조바우가마솥추어탕 ,한식,경상남도 통영시 광도면 죽림4로 37-78,"추어탕, 추어전골 ",,,,
1676,초램양고기,한식,경상남도 통영시 광도면 죽림5로 55-61,"양갈비, 양꼬치",,,,
1677,보양곰탕온,한식,경상남도 통영시 광도면 죽림해안로 92,곰탕,,,,
1678,영빈관 ,한식,경상남도 통영시 도남로 274,"굴정식, 멍게비빔밥 ",,,,
1679,어촌싱싱회해물탕 ,한식,경상남도 통영시 도천동 1008,해물탕 ,,,,
1680,장어마을 ,한식,경상남도 통영시 무전1길 64-15,"장어탕, 장어구이 ",,,,
1681,경동일식 ,일식,경상남도 통영시 무전5길 11-19,"초밥, 생선회 ",,,,
1682,정원,한식,경상남도 통영시 봉수로 50,"멍게비빔밥, 도다리쑥국",,,,
1683,금평반점,중식,경상남도 통영시 사량면 진촌1길 36,해물짬뽕,,,,
1684,물소리횟집,한식,경상남도 통영시 사량면 진촌2길 6-1,물회,,,,
1685,원조시락국,한식,경상남도 통영시 새터길 12-10,시락국,,,,
1686,한양식당,중식,경상남도 통영시 욕지면 서촌윗길 183-3,해물짬뽕,,,,
1687,욕지1번가,한식,경상남도 통영시 욕지면 욕지일주로 81,멍개비빔밥,,,,
1688,통영 생선구이,한식,경상남도 통영시 용남면 동달안길 84,생선구이,,,,
1689,칠미횟집,한식,경상남도 통영시 원문로 11,모둠회 ,,,,
1690,멸치마을식당 ,한식,경상남도 통영시 항북길 34,멸치요리코스 ,,,,
1691,대풍관,한식,경상남도 통영시 해송정2길 29,굴코스요리 ,,,,
1692,하동솔잎한우프라자,한식,경상남도 하동군 고전면 하동읍성로 9,육류,,,,
1693,부흥재첩식당,한식,경상남도 하동군 하동읍 경서대로 98,재첩국,,,,
1694,범바구집,한식,경상남도 하동군 하동읍 범바위길 1,"닭국,백숙",,,,
1695,이화가든,한식,경상남도 하동군 하동읍 섬진강대로 2507,재첩국,,,,
1696,버들횟집,한식,경상남도 하동군 화개면 화개로 26,은어회,,,,
1697,양어장횟집,한식,경상남도 하동군 화개면 화개로 711,향어회,,,,
1698,연화장식당,한식,경상남도 하동군 화개면 화개로 82,"참게탕, 재첩정식 ",,,,
1699,아라밀면 ,한식,경상남도 함안군 가야읍 중앙남길 36,국수,,,,
1700,함안제일숯불갈비,한식,경상남도 함안군 가야읍 중앙본길 32,삼겹살,,,,
1701,구만식당,한식,경상남도 함안군 군북면 함마대로 750,된장샤브샤브,,,,
1702,옥수정 ,한식,경상남도 함안군 산인면 성산로 563,기러기요리 ,,,,
1703,식객,한식,경상남도 함안군 여항면 내곡3길 47,오리불고기,,,,
1704,함안대구식당,한식,경상남도 함안군 함안면 북촌2길 50-27,소고기국밥,,,,
1705,칠선산장,한식,경상남도 함양군 마천면 칠선로 194,산채비빔밥,,,,
1706,옛날금호식당,한식,경상남도 함양군 안의면 광풍로 107,갈비탕,,,,
1707,옛날할매순대,한식,경상남도 함양군 안의면 석천길 11-16,순대국밥,,,,
1708,노가네,한식,경상남도 함양군 함양읍 뇌계길 283,보리밥정식,,,,
1709,골든차이나,중식,경상남도 함양군 함양읍 동위천1길 1,짬뽕,,,,
1710,교산집,한식,경상남도 함양군 함양읍 인당강변길 24,영양탕,,,,
1711,꿀꿀이와숯불,한식,경상남도 함양군 함양읍 중앙시장길 20,냉면,,,,
1712,삼일식당,한식,경상남도 합천군 가야면 치인1길 19-1,자연산송이국 정식,,,,
1713,장독대식당,한식,경상남도 합천군 야로면 야로공단길 7,버섯전골,,,,
1714,새길한우명가,한식,경상남도 합천군 합천읍 동서로 53,한우갈비살,,,,
1715,적사부,중식,경상남도 합천군 합천읍 동서로 74,탕수육,,,,
1716,시장분식,한식,부산광역시 강서구 공항로811번다길 23-19,"비빔칼국수, 선지국수",,,,
1717,장룡수산,한식,부산광역시 강서구 낙동남로 749,장어,,,,
1718,짱뚱어전문,한식,부산광역시 강서구 대저중앙로309번길 65,짱뚱어요리,,,,
1719,민물가든,한식,부산광역시 강서구 둔치중앙길 5,잉어,,,,
1720,대마등,한식,부산광역시 강서구 르노삼성대로 574,갈삼구이,,,,
1721,칡넝쿨,한식,부산광역시 강서구 상덕로 52,"양념구이, 훈제바비큐",,,,
1722,박달집,한식,부산광역시 금정구 금샘로 377-1,한방전골,,,,
1723,기장곰장어,한식,부산광역시 기장군 기장읍 기장해안로 70,짚불구이,,,,
1724,손큰할매,한식,부산광역시 기장군 기장읍 연화1길 191,"전복죽, 해산물",,,,
1725,기장안동찰보리밥,한식,부산광역시 기장군 기장읍 차성남로 58,보리밥,,,,
1726,우동집,일식,부산광역시 기장군 기장읍 차성로 296-1,우동정식,,,,
1727,가마솥생복집,한식,부산광역시 기장군 기장읍 차성로 327-2,복요리,,,,
1728,칠암 대양횟집,한식,부산광역시 기장군 일광면 문오성길 563,장어전문,,,,
1729,일광아구찜,한식,부산광역시 기장군 일광면 삼성3길 55,아구찜,,,,
1730,수림원,한식,부산광역시 기장군 일광면 이천길 61,아구찜,,,,
1731,강원도순두부,한식,부산광역시 기장군 장안읍 월내해안길 63,순두부,,,,
1732,장안매운탕,한식,부산광역시 기장군 장안읍 장안로 75-4,매운탕,,,,
1733,기픈골황토마루,한식,부산광역시 기장군 정관읍 병산1길 74-39,오겹살,,,,
1734,철마연밥,한식,부산광역시 기장군 철마면 웅천리 324-6,연잎밥,,,,
1735,김유순대구뽈찜,한식,부산광역시 남구 진남로 15,대구뽈찜,,,,
1736,알천순대곱창전골,한식,부산광역시 남구 용소로7번길 88,"순대국밥, 순대전골",,,,
1737,내호냉면,한식,부산광역시 남구 우암번영로26번길 17,냉면,,,,
1738,공원칼국수,한식,부산광역시 남구 유엔평화로 110,공원칼국수,,,,
1739,칠성식당,한식,부산광역시 남구 지게골로 7,"곱창, 삼겹살",,,,
1740,할매곱창,한식,부산광역시 동구 수정동로 22-2,곱창,,,,
1741,신선식당,한식,부산광역시 동구 조방로49번길 13,생선구이,,,,
1742,암돼지갈비밀면,한식,부산광역시 동래구 금강로 106,밀면,,,,
1743,우동집,일식,부산광역시 동래구 금강로 93-1,냄비우동,,,,
1744,타이빈,퓨전,부산광역시 동래구 금강로73번길 12,뿌님팟퐁 커리,,,,
1745,동래삼계탕,한식,부산광역시 동래구 동래로116번길 39,"삼계탕, 약탕",,,,
1746,일미불갈비,한식,부산광역시 동래구 아시아드대로163,"돼지갈비, 왕소금구이",,,,
1747,깃발집,한식,부산광역시 동래구 온천장로107번길 10,"물회, 꽃게된장조림",,,,
1748,옛맛칼국수,한식,부산광역시 동래구 중앙대로1335번길 17-2,칼국수,,,,
1749,통영졸복,한식,부산광역시 동래구 차밭골로21번길 8,졸복,,,,
1750,원가네,한식,부산광역시 부산진구 성지로 145,닭한마리국수,,,,
1751,평양집,한식,부산광역시 북구 금곡대로20번길 21,만두백반,,,,
1752,심우촌,한식,부산광역시 북구 산성로 100,오리고기,,,,
1753,주례하동재첩국,한식,부산광역시 사상구 가야대로 290-12,재첩국,,,,
1754,대궐안집,한식,부산광역시 사상구 광장로 68,갈비탕,,,,
1755,77돌곱창,한식,부산광역시 사상구 괘감로 98,곱청전골,,,,
1756,해물왕창칼국수,한식,부산광역시 사상구 사상로 316,해물칼국수,,,,
1757,김해식당,한식,부산광역시 사하구 괴정로 39,멸치쌈밥,,,,
1758,하단통영식당,한식,부산광역시 사하구 낙동남로1389번길 9-2,멸치쌈밥,,,,
1759,제일돌곱창,한식,부산광역시 사하구 낙동대로535번길 4,돌곱창전골,,,,
1760,통영장어무한리필,한식,부산광역시 사하구 동매로 50,장어구이,,,,
1761,복성반점,중식,부산광역시 사하구 하신중앙로 289,짬뽕,,,,
1762,원조18번 완당,일식,부산광역시 서구 구덕로238번길 6,"완당, 발국수",,,,
1763,수변최고돼지국밥,한식,부산광역시 수영구 광안해변로370번길 9-32,수육백반,,,,
1764,옥미 아구찜,한식,부산광역시 수영구 망미번영로55번길 35,아구찜,,,,
1765,마라도,한식,부산광역시 수영구 민락본동로11번길 38,코스요리,,,,
1766,개성손만두,한식,부산광역시 연제구 진연로 29,만두국,,,,
1767,석화정,한식,부산광역시 영도구 동삼로42번길 16-11,굴국밥,,,,
1768,부흥식당,한식,부산광역시 영도구 절영로 102,자리돔물회,,,,
1769,왔다식당,한식,부산광역시 영도구 하나길 811,스지전골,,,,
1770,연근해식당,한식,부산광역시 중구 보수대로44번길 7,"우럭매운탕, 해물",,,,
1771,실비집,한식,부산광역시 중구 해관로 22-8,"주꾸미, 빈대떡",,,,
1772,해운대기와집대구탕,한식,부산광역시 해운대구 달맞이길104번길 46,대구탕,,,,
1773,거북선횟집,한식,부산광역시 해운대구 달맞이길62번길 69,모듬회,,,,
1774,수민이네,한식,부산광역시 해운대구 청사포로58번길 118,"조개구이, 장어구이",,,,
1775,미스터스시,일식,부산광역시 해운대구 해운대로 744-5,"초밥, 생선회",,,,
1776,본가한우곱창,한식,울산광역시 남구 남산로12번길 9,한우곱창,,,,
1777,터미날식당,한식,울산광역시 남구 봉월로 164,정식,,,,
1778,고래고기원조할매집본점,한식,울산광역시 남구 장생포고래로 135,고래고기,,,,
1779,함양집,한식,울산광역시 남구 중앙로208번길 12,비빔밥,,,,
1780,행이왕갈비,한식,울산광역시 남구 팔등로141번길 7,돼지갈비,,,,
1781,섬뜰,한식,울산광역시 동구 동진로 42,전복밥,,,,
1782,산너머남촌,한식,울산광역시 동구 동해안로 596,코다리찜,,,,
1783,탱크맨투곰탕전문점,한식,울산광역시 동구 옥류로 19,"갈비탕, 갈비찜",,,,
1784,육일횟집,한식,울산광역시 동구 주전해안길 278,물회,,,,
1785,상안가든,한식,울산광역시 북구 동산길 22,"오리탕, 오리불고기",,,,
1786,충남숯불고기,한식,울산광역시 울주군 두동면 계명로 88,한우모듬,,,,
1787,호뻘떡낙지,한식,울산광역시 북구 수동1길 4,낙지볶음,,,,
1788,버드나무집,한식,울산광역시 울주군 상북면 웃궁평길 20,오리불고기,,,,
1789,김양집,한식,울산광역시 울주군 서생면 신암해안길 13,짚불곰장어,,,,
1790,진하고향해물탕,한식,울산광역시 울주군 서생면 진하길 45,조개탕,,,,
1791,베테랑바베큐,한식,울산광역시 울주군 서생면 해맞이로 924,소갈비,,,,
1792,감나무집,한식,울산광역시 울주군 청량면 청량천변로 123,"오리불고기, 오리탕",,,,
1793,효정밥상,한식,울산광역시 울주군 청량읍 신덕하1길 9,게장정식,,,,
1794,다운목살구이,한식,울산광역시 중구 운곡안길 9,한식,,,,
1795,이루후제,중식,제주도 서귀포시 남원읍 하신로 63,짬뽕,,,,
1796,산방식당 ,한식,제주도 서귀포시 대정읍 하모이삼로 62,"밀냉면, 수육 ",,,,
1797,미영이네식당,한식,제주도 서귀포시 대정읍 하모항구로 42,고등어회,,,,
1798,홍성방 ,중식,제주도 서귀포시 대정읍 하모항구로 76,"해물짬뽕, 해물짜장 ",,,,
1799,올레안뜰,일식,제주도 서귀포시 법환로 24,흑돼지왕돈가스 ,,,,
1800,대유랜드 ,한식,제주도 서귀포시 상예로 381,"꿩샤브샤브, 꿩튀김 ",,,,
1801,네거리식당,한식,제주도 서귀포시 서문로29번길 20,갈치국,,,,
1802,한옥집,한식,제주도 서귀포시 서홍로41,김치찜,,,,
1803,몰질식당,한식,제주도 서귀포시 이어도로 598,"고기짬뽕, 복지리",,,,
1804,삼보식당,한식,제주도 서귀포시 중정로 25,뚝배기,,,,
1805,중문조림식당,한식,제주도 서귀포시 천제연로 170,생선조림,,,,
1806,중문수두리보말칼국수,한식,제주도 서귀포시 천제연로 192,보말칼국수,,,,
1807,용이식당,한식,제주도 서귀포시 중앙로79번길 9,두루치기,,,,
1808,표선어촌식당,한식,제주도 서귀포시 표선면 민속해안로 578-7,"회, 물회",,,,
1809,광동식당,한식,제주도 서귀포시 표선면 세성로 272,두루치기,,,,
1810,한일수산횟집,한식,제주도 서귀포시 홍중로 3,회,,,,
1811,누룽지식당,한식,제주도 제주시 고산동산6길 15-1,고등어조림,,,,
1812,바삭돈가스,일식,제주도 제주시 과원북4길 61,흑돼지 돈가스,,,,
1813,황금손가락,일식,제주도 제주시 구남동1길 44,초밥,,,,
1814,해녀촌 ,한식,제주도 제주시 구좌읍 동복로 33,회국수,,,,
1815,소라횟집,한식,제주도 제주시 구좌읍 해맞이해안로 1240-3,매운탕,,,,
1816,제주옹기설렁탕 ,한식,제주도 제주시 문송길 27,"설렁탕, 꼬리곰탕 ",,,,
1817,두루두루,한식,제주도 제주시 삼무로3길 14,쥐치조림,,,,
1818,앞뱅디식당,한식,제주도 제주시 선덕로 32,"멜국,각재기국",,,,
1819,엉덩물물회,한식,제주도 제주시 성두길 7-7,한치물회,,,,
1820,삼다가,한식,제주도 제주시 신대로9길 27,흑돼지생구이,,,,
1821,돌하르방식당 ,한식,제주도 제주시 신산로11길 53,"각재기국, 해물뚝배기 ",,,,
1822,오롯,한식,제주도 제주시 신설로 11길 2-10,전복비빔밥,,,,
1823,참솔식당,한식,제주도 제주시 애월읍 유수암평화5길 21,"산채비빔밥, 백숙 ",,,,
1824,국수만찬 ,한식,제주도 제주시 은남3길 1,"고기국수, 돔베고기 ",,,,
1825,대성아귀찜,한식,제주도 제주시 조천읍 함덕3길 4,아귀찜,,,,
1826,중국집마씸,중식,제주도 제주시 한경면 두신로 78,짬뽕,,,,
1827,제주데미안,일식,제주도 제주시 한경면 고조로 492-15,돈가스정식,,,,
1828,우정해장국,한식,제주도 제주시 한림읍 한림상로 139,내장탕,,,,
1829,태능숯불갈비,한식,경기 수원시 장안구 정조로1110번길 3 송춘석음악학원1층 태능숯불갈비,"돼지갈비,내장탕",11:00 - 22:00,주차 및 편의시설을 업데이트 해주세요,,
1830,우성토종순대국,한식,경기 수원시 권선구 고산로4번길 6 스타빌딩1층,순대국,08:00 - 21:00,가게 뒷편 주택가,,
1831,구테로이테,카페,서울 강남구 선릉로131길 16 1층 구테로이테,,,,,
1832,카페 후문,카페,서울 광진구 능동로36길 183,,,,,
1833,더 베이커스 테이블,카페,서울 용산구 녹사평대로 244-1,,,,,
1834,1인1잔,카페,서울 은평구 연서로 534,,,,,
1835,인크커피 가산플래그쉽스토어,카페,서울 금천구 가산디지털2로 127-20,,,,,
1836,헤리스헤이스,카페,서울 강서구 마곡동로3길 26 103호,,,,,
1837,꽃담인사동본점,카페,서울 종로구 인사동길 19-2,,,,,
1838,우드멜로우,카페,서울 강동구 아리수로 243,,,,,
1839,페니힐스 커피스테이션,카페,"서울 동작구 동작대로1길 10-14 새롬빌딩 1,2층",,,,,
1840,커피향기,카페,인천 강화군 강화읍 강화대로368번길 13,,,,,
1841,노웨이벗히어,카페,인천 남동구 성말로35번길 9,,,,,
1842,지금이곳,카페,인천 중구 운남로82번길 40,,,,,
1843,포레스트아웃팅스,카페,인천 연수구 청량로 145 포레스트아웃팅스 송도점,,,,,
1844,카페799,카페,강원 영월군 영월읍 천문대길 397,,,,,
1845,몽토랑 산양목장,카페,강원 태백시 효자1길 27-2,,,,,
1846,리버레인,카페,강원 춘천시 영서로 2529-47,,,,,
1847,카페하추리,카페,강원 인제군 인제읍 하추로 187,,,,,
1848,카페 은하수,카페,강원 철원군 동송읍 한탄강길 112 카페은하수,,,,,
1849,온힐링카페,카페,강원 화천군 화천읍 노신로 43 1층 온힐링카페,,,,,
1850,카페아인53,카페,강원 양구군 양구읍 성곡로 200-1 아인53,,,,,
1851,로즈,카페,강원 홍천군 서면 상귀량길 4 로즈카페,,,,,
1852,스톤크릭,카페,강원 원주시 지정면 지정로 1101,,,,,
1853,그리심,카페,강원 평창군 평창읍 제방길 33-6,,,,,
1854,아우로라카페,카페,강원 정선군 고한읍 함백산로 1448,,,,,
1855,노랑공장,카페,강원 횡성군 횡성읍 태기로 488 A동,,,,,
1856,에이프레임,카페,강원 고성군 죽왕면 가향길 20-1,,,,,
1857,카페리브로,카페,경기 의정부시 범골로35번길 69-6,,,,,
1858,구벼울,카페,경기 양평군 옥천면 남한강변길 123-19,,,,,
1859,연천회관,카페,경기 연천군 연천읍 평화로1219번길 42,,,,,
1860,수우스커피,카페,경기 김포시 김포한강1로98번길 17-88 101호,,,,,
1861,커피사촌로스터스,카페,경기 고양시 일산동구 위시티로 43 1층,,,,,
1862,고모리691,카페,경기 포천시 소흘읍 고모리 691,,,,,
1863,레드브릿지,카페,경기 파주시 광탄면 기산로 329,,,,,
1864,베이커리 씨어터,카페,경기 남양주시 화도읍 경춘로2696번길 4-15,,,,,
1865,마이포터리,카페,경기 남양주시 수동면 비룡로782번길 71-40 마이포터리,,,,,
1866,프롬밀크,카페,경기 가평군 가평읍 오리나무길 35 프롬밀크,,,,,
1867,메인스트리트,카페,경기 평택시 포승읍 만호리 697-17,,,,,
1868,이배재제빵소,카페,경기 광주시 이배재로 247,,,,,
1869,180커피로스터스,카페,경기 성남시 분당구 문정로144번길 4,,,,,
1870,16세기 티하우스,카페,"경기 수원시 영통구 광교중앙로37번길 45 1층,지층",,,,,
1871,송강커피,카페,경기 오산시 궐리사로 63 2층,,,,,
1872,칼리오페,카페,경기 용인시 처인구 성산로170번길 23-1 칼리오페,,,,,
1873,더포레,카페,경기 화성시 향남읍 두렁바위길 49-13,,,,,
1874,카페 여주,카페,경기 여주시 강천면 강문로 703 카페여주,,,,,
1875,커피볶는 콩탱이,카페,경기 부천시 부천로136번길 34,,,,,
1876,청화공간,카페,경기 시흥시 호현로 155-25 카페청화공간,,,,,
1877,실낙원,카페,경기 안양시 동안구 평촌대로223번길 55 대명빌딩 4층 401호,,,,,
1878,카페유일,카페,경기 안산시 단원구 꽃우물1길 16-4,,,,,
1879,배꽃길61,카페,경기 안성시 대덕면 배꽃길 61,,,,,
1880,메이븐,카페,경기 수원시 팔달구 창룡대로74번길 15,,,,,
1881,더반올가닉,카페,경기 이천시 부발읍 부발중앙로221번길 89 더반 올가닉,,,,,
1882,카페웨더,카페,경기 하남시 검단산로 228-8,,,,,
1883,"구옥,날다",카페,충북 충주시 충주호수로 1016-10,,,,,
1884,카페산,카페,충북 단양군 가곡면 두산길 196-86,,,,,
1885,서부제과,카페,충북 괴산군 괴산읍 읍내로15길 31,,,,,
1886,카페트리스톤,카페,충북 음성군 음성읍 음성로 152 1층 카페트리스톤,,,,,
1887,스테이인터뷰 영동,카페,충북 영동군 양산면 양산심천로 45 1층,,,,,
1888,마일로에스프레소바,카페,충북 청주시 흥덕구 흥덕로88번길 29 1층,,,,,
1889,풀문,카페,충북 청주시 상당구 수암로 46-8 풀문커피,,,,,
1890,글루글루,카페,충북 제천시 수산면 옥순봉로10길 2 2동,,,,,
1891,더그라스,카페,충북 진천군 진천읍 소강정1길 78 카페 더그라스,,,,,
1892,메릴본케이크,카페,충북 청주시 상당구 사직대로361번길 14-9 2층,,,,,
1893,로터스 블라썸,카페,충북 보은군 속리산면 법주사로 104 로터스 블라썸,,,,,
1894,로드1950,카페,충남 당진시 신평면 매산로 170 로드1950카페,,,,,
1895,여울목카페,카페,충남 금산군 제원면 낙안길 9,,,,,
1896,무드빌리지,카페,충남 부여군 부여읍 뒷개로27번길 10-1 무드빌리지,,,,,
1897,카페그랑블루,카페,충남 보령시 해안로 484,,,,,
1898,앵화당,카페,충남 청양군 운곡면 구만이길 70-21 앵화당,,,,,
1899,제주도화,카페,세종 연서면 와룡로 606,,,,,
1900,풍뉴가,카페,대전 동구 수향길 31,,,,,
1901,자동차 카페 히피스,카페,대전 유성구 대학로76번길 55 자동차 카페 히피스,,,,,
1902,램프,카페,충남 서천군 장항읍 장서로 31-1,,,,,
1903,인주,카페,"충남 아산시 인주면 아산만로 1608 가, 나, 다동",,,,,
1904,연리지,카페,충남 계룡시 엄사면 향적산길 91,,,,,
1905,비츠카페,카페,충남 홍성군 서부면 남당항로72번길 1,,,,,
1906,케이카페,카페,충남 홍성군 홍북읍 용봉산2길 41 케이카페,,,,,
1907,한가로이,카페,충남 서산시 운산면 신창길 102-3,,,,,
1908,카페이안,카페,충남 예산군 예산읍 아리랑로213번길 34 카페 이안,,,,,
1909,에어산,카페,충남 공주시 반포면 임금봉길 88-27,,,,,
1910,커피인터뷰,카페,충남 태안군 소원면 파도길 61-9,,,,,
1911,공원다방,카페,충남 천안시 동남구 청수15길 4 공원다방,,,,,
1912,카페써니,카페,전북 전주시 덕진구 구렛들1길 46,,,,,
1913,무주창고,카페,전북 무주군 적상면 마산내동길 16 무주창고,,,,,
1914,미안커피,카페,전북 남원시 함파우길 65-14 남원시립김병종미술관 1층 미안커피,,,,,
1915,블랜드미,카페,전북 익산시 현영길 123-10,,,,,
1916,디오니,카페,전북 전주시 덕진구 원동로 16,,,,,
1917,라파르,카페,전북 군산시 옥도면 장자도2길 31,,,,,
1918,카페진안,카페,전북 진안군 부귀면 원세동길 2,,,,,
1919,비스트로한스,카페,전북 김제시 신풍길 253-5 제니오피스텔 1층 Bistro Han's,,,,,
1920,제이포렛,카페,전북 정읍시 정읍사로 388 제이포렛,,,,,
1921,카페캔버스,카페,전북 완주군 이서면 지사제로 191 카페캔버스,,,,,
1922,추억을나누며,카페,전북 부안군 진서면 청자로 206 추억을나누며,,,,,
1923,낭만가옥,카페,전남 곡성군 곡성읍 낙동원로 26,,,,,
1924,배알도카페니테오,카페,전남 광양시 명당길 59-1,,,,,
1925,가배당,카페,광주광역시 서구 눌재로 434 1층,,,,,
1926,하원재,카페,광주광역시 남구 제중로47번길 11 1층,,,,,
1927,윤뜰,카페,전남 나주시 재신길 24,,,,,
1928,옥담,카페,전남 담양군 봉산면 연산길 89-11 옥담,,,,,
1929,커피창고로,카페,전남 목포시 평화로 51,,,,,
1930,춘운서옥,카페,전남 보성군 보성읍 송재로 211-9,,,,,
1931,운평리769,카페,전남 순천시 서면 청소년수련원길 153,,,,,
1932,카페보리,카페,전남 영광군 백수읍 해안로 787,,,,,
1933,당인리포레스트,카페,전남 완도군 군외면 청해진서로 1418-2,,,,,
1934,맥문동,카페,광주광역시 서구 마륵로 24,,,,,
1935,MOMO,카페,전남 장성군 진원면 상림길 26 MOMO,,,,,
1936,FOURROOM(승모네),카페,전남 장흥군 장흥읍 중앙로 81 1층 FOURROOM,,,,,
1937,포베오커피,카페,전남 함평군 함평읍 주포로 395,,,,,
1938,문가든,카페,전남 해남군 계곡면 오류골길 64,,,,,
1939,수만리커피,카페,전남 화순군 화순읍 안양산로 616-2,,,,,
1940,바다정원,카페,전남 신안군 압해읍 압해로 820 카페 바다정원,,,,,
1941,커피농장 산티아고 본점,카페,전남 고흥군 과역면 석촌1길 81-117,,,,,
1942,라피끄,카페,전남 여수시 돌산읍 무술목길 142-1 카페 라피크,,,,,
1943,화이트카페블랙라운지,카페,전남 무안군 망운면 청운로 857-10,,,,,
1944,물치상회,카페,경북 울진군 후포면 울진대게로 289-1,,,,,
1945,두낫디스터브,카페,경북 구미시 고아읍 들성로 171-34,,,,,
1946,카페스톤 고령점,카페,경북 고령군 쌍림면 대가야로 446-44 카페스톤 고령점,,,,,
1947,카페댐댐,카페,경북 군위군 삼국유사면 삼국유사로 438-16,,,,,
1948,카페자산,카페,경북 김천시 자산3길 36,,,,,
1949,마고플레인강정보점,카페,대구광역시 달성군 다사읍 강정본길 68-18,,,,,
1950,그린그루브,카페,대구광역시 달서구 성서로 406 성서우체국 1층,,,,,
1951,퀸즈크라운,카페,대구광역시 서구 서대구로 118 1층~4층,,,,,
1952,월영당,카페,경북 안동시 민속촌길 26,,,,,
1953,백일홍,카페,경북 청송군 파천면 송소고택길 21,,,,,
1954,이웃들의테이블카페,카페,경북 칠곡군 왜관읍 평장길 31 1층 이웃들의테이블카페,,,,,
1955,미미커피,카페,경북 의성군 단촌면 장터길 16-6,,,,,
1956,카페 트리팔렛,카페,경북 성주군 월항면 주산로 454 카페 트리팔렛,,,,,
1957,엘파라이소365,카페,경북 청도군 화양읍 소라2길 36-13,,,,,
1958,마고포레스트,카페,경북 경산시 경안로73길 20 마고 포레스트,,,,,
1959,봉덕창고,카페,경북 예천군 예천읍 봉덕로 49,,,,,
1960,녹스고지,카페,경북 영주시 두서길87번길38,,,,,
1961,휴행복한펜션 카페,카페,경북 울릉군 북면 추산길 40 휴행복한펜션,,,,,
1962,까브,카페,경북 문경시 동로면 안생달길279,,,,,
1963,홀리가든,카페,경북 봉화군 명호면 비나리길172-57,,,,,
1964,명주정원,카페,경북 상주시 함창읍 새잼이길 7,,,,,
1965,스테이클래시,카페,경북 영천시 송정길 85,,,,,
1966,네스트 코퍼레이션,카페,경북 포항시 남구 호미곶면 해맞이로46번길 164,,,,,
1967,르몽,카페,경남 사천시 백천길 114-55,,,,,
1968,토곡요,카페,경남 양산시 하북면 충렬로 1559,,,,,
1969,알리스타,카페,경남 창녕군 창녕읍 향교골목길 28-57 알리스타,,,,,
1970,심해,카페,경남 거제시 장목면 옥포대첩로 1252,,,,,
1971,리틀버터,카페,경남 거창군 거창읍 강변로 53 빨간지붕 1층,,,,,
1972,위츠,카페,경남 창원시 성산구 신사로 135 지하,,,,,
1973,해맞이카페,카페,경남 고성군 동해면 조선특구로 2104,,,,,
1974,카페 잇소,카페,경남 밀양시 삼랑진읍 행곡로 425-1 카페잇소,,,,,
1975,커피플라워,카페,경남 진주시 남강로 36 커피플라워 혹은 진주시 남강로 38,,,,,
1976,올너프(all'nuff),카페,경남 창원시 진해구 충장로 398-5 1층,,,,,
1977,진리커피,카페,경남 하동군 하동읍 중앙로 11 1층 진리커피,,,,,
1978,무진(MOOZ),카페,경남 함안군 함안면 함안대로 257 무진,,,,,
1979,지중해,카페,경남 창원시 마산합포구 가포로 501-201 카페,,,,,
1980,디마네,카페,경남 함양군 함양읍 서위천길 11 1층,,,,,
1981,로우풀,카페,경남 합천군 대병면 회양관광단지길 28-10,,,,,
1982,단토,카페,경남 의령군 의령읍 의병로 216,,,,,
1983,네르하21,카페,경남 통영시 도산면 도산일주로 954 네르하21카페,,,,,
1984,로드172,카페,경남 김해시 분성로172번길 19,,,,,
1985,마샹스,카페,경남 남해군 창선면 율도로 10,,,,,
1986,방목리카페,카페,경남 산청군 단성면 석대로281번길 229-30,,,,,
1987,주마등,카페,부산광역시 부산진구 서전로47번길 27 1층,,,,,
1988,라메르판지,카페,울산광역시 북구 판지1길 30,,,,,
1989,산복도로370,카페,부산광역시 중구 망양로 370,,,,,
1990,앙로고택,카페,부산 강서구 식만로 122 앙로고택,,,,,
1991,유정1995,카페,부산 기장군 정관읍 병산로 303-1 유정1995,,,,,
1992,모모스커피,카페,부산 금정구 오시게로 18-1,,,,,
1993,발레나식스,카페,울산광역시 울주군 범서읍 지지길 55 1층,,,,,
1994,빌리지40,카페,부산 동래구 금정마을로 40 빌리지40,,,,,
1995,비양놀,카페,제주 제주시 한림읍 한림해안로 311 비양놀,,,,,
1996,카페모알보알,카페,제주 제주시 구좌읍 구좌해안로 141 카페 모알보알,,,,,
1997,하라케케,카페,제주 서귀포시 속골로 29-10 16호,,,,,
1998,카페 툇마루,카페,강원 강릉시 난설헌로 232 카페 툇마루,,,,,
1999,엘로우,카페,경북 경주시 경감로 375-16,,,,,
2000,바다소리카페,카페,경북 영덕군 강구면 영덕대게로 133,,,,,
2001,언덕위에하얀집,카페,전남 영암군 덕진면 여운재로 565 언덕위에하얀집,,,,,
2002,고매커피,카페,경기 용인시 기흥구 원고매로2번길 85-2,,,,,
2003,까페아스타나,카페,경기 화성시 효행로 1203-8,,,,,
2004,카페스테어스,카페,서울 중랑구 동일로109길 28 1층 카페스테어스,,,,,
2005,연다원,카페,전북 고창군 아산면 복분자로 184-81 연다원,,,,,
2006,미텐발트,카페,전북 임실군 운암면 종운로 802-18,,,,,
2007,그날의 온도,카페,전북 전주시 덕진구 원동로 45,,,,,
2008,카페 더 밸리,카페,충남 공주시 사곡면 마곡사로 734 더밸리,,,,,
2009,카페 금성동,카페,충남 공주시 정자방1길 31 1층,,,,,
2010,리파로,카페,"전북 전주시 덕진구 정여립로 924-25 1,2층",,,,,
2011,라온카페,카페,전북 완주군 소양면 오도길 64,,,,,
2012,날망,카페,전북 전주시 덕진구 기지로 120 1층,,,,,
2013,빈타이,카페,전북 전주시 덕진구 안전로 108-14,,,,,
